-- phpMyAdmin SQL Dump
-- version 5.0.3
-- https://www.phpmyadmin.net/
--
-- Host: localhost
-- Generation Time: Nov 11, 2020 at 02:16 AM
-- Server version: 10.4.14-MariaDB
-- PHP Version: 7.4.11

SET SQL_MODE = "NO_AUTO_VALUE_ON_ZERO";
START TRANSACTION;
SET time_zone = "+00:00";


/*!40101 SET @OLD_CHARACTER_SET_CLIENT=@@CHARACTER_SET_CLIENT */;
/*!40101 SET @OLD_CHARACTER_SET_RESULTS=@@CHARACTER_SET_RESULTS */;
/*!40101 SET @OLD_COLLATION_CONNECTION=@@COLLATION_CONNECTION */;
/*!40101 SET NAMES utf8mb4 */;

--
-- Database: `eapi`
--

-- --------------------------------------------------------

--
-- Table structure for table `failed_jobs`
--

CREATE TABLE `failed_jobs` (
  `id` bigint(20) UNSIGNED NOT NULL,
  `uuid` varchar(255) COLLATE utf8mb4_unicode_ci NOT NULL,
  `connection` text COLLATE utf8mb4_unicode_ci NOT NULL,
  `queue` text COLLATE utf8mb4_unicode_ci NOT NULL,
  `payload` longtext COLLATE utf8mb4_unicode_ci NOT NULL,
  `exception` longtext COLLATE utf8mb4_unicode_ci NOT NULL,
  `failed_at` timestamp NOT NULL DEFAULT current_timestamp()
) ENGINE=InnoDB DEFAULT CHARSET=utf8mb4 COLLATE=utf8mb4_unicode_ci;

-- --------------------------------------------------------

--
-- Table structure for table `migrations`
--

CREATE TABLE `migrations` (
  `id` int(10) UNSIGNED NOT NULL,
  `migration` varchar(255) COLLATE utf8mb4_unicode_ci NOT NULL,
  `batch` int(11) NOT NULL
) ENGINE=InnoDB DEFAULT CHARSET=utf8mb4 COLLATE=utf8mb4_unicode_ci;

--
-- Dumping data for table `migrations`
--

INSERT INTO `migrations` (`id`, `migration`, `batch`) VALUES
(1, '2014_10_12_000000_create_users_table', 1),
(2, '2014_10_12_100000_create_password_resets_table', 1),
(3, '2019_08_19_000000_create_failed_jobs_table', 1),
(4, '2020_11_09_053140_create_products_table', 1),
(5, '2020_11_09_053219_create_reviews_table', 1),
(6, '2016_06_01_000001_create_oauth_auth_codes_table', 2),
(7, '2016_06_01_000002_create_oauth_access_tokens_table', 2),
(8, '2016_06_01_000003_create_oauth_refresh_tokens_table', 2),
(9, '2016_06_01_000004_create_oauth_clients_table', 2),
(10, '2016_06_01_000005_create_oauth_personal_access_clients_table', 2);

-- --------------------------------------------------------

--
-- Table structure for table `oauth_access_tokens`
--

CREATE TABLE `oauth_access_tokens` (
  `id` varchar(100) COLLATE utf8mb4_unicode_ci NOT NULL,
  `user_id` bigint(20) UNSIGNED DEFAULT NULL,
  `client_id` bigint(20) UNSIGNED NOT NULL,
  `name` varchar(255) COLLATE utf8mb4_unicode_ci DEFAULT NULL,
  `scopes` text COLLATE utf8mb4_unicode_ci DEFAULT NULL,
  `revoked` tinyint(1) NOT NULL,
  `created_at` timestamp NULL DEFAULT NULL,
  `updated_at` timestamp NULL DEFAULT NULL,
  `expires_at` datetime DEFAULT NULL
) ENGINE=InnoDB DEFAULT CHARSET=utf8mb4 COLLATE=utf8mb4_unicode_ci;

--
-- Dumping data for table `oauth_access_tokens`
--

INSERT INTO `oauth_access_tokens` (`id`, `user_id`, `client_id`, `name`, `scopes`, `revoked`, `created_at`, `updated_at`, `expires_at`) VALUES
('58fbdab10e5a3e62138cd42e19e5a4156578c39c8ad177cf34aee2dacdf5af62b66ad5e86babbd4d', 2, 2, NULL, '[]', 0, '2020-11-09 07:06:27', '2020-11-09 07:06:27', '2021-11-09 15:06:27');

-- --------------------------------------------------------

--
-- Table structure for table `oauth_auth_codes`
--

CREATE TABLE `oauth_auth_codes` (
  `id` varchar(100) COLLATE utf8mb4_unicode_ci NOT NULL,
  `user_id` bigint(20) UNSIGNED NOT NULL,
  `client_id` bigint(20) UNSIGNED NOT NULL,
  `scopes` text COLLATE utf8mb4_unicode_ci DEFAULT NULL,
  `revoked` tinyint(1) NOT NULL,
  `expires_at` datetime DEFAULT NULL
) ENGINE=InnoDB DEFAULT CHARSET=utf8mb4 COLLATE=utf8mb4_unicode_ci;

-- --------------------------------------------------------

--
-- Table structure for table `oauth_clients`
--

CREATE TABLE `oauth_clients` (
  `id` bigint(20) UNSIGNED NOT NULL,
  `user_id` bigint(20) UNSIGNED DEFAULT NULL,
  `name` varchar(255) COLLATE utf8mb4_unicode_ci NOT NULL,
  `secret` varchar(100) COLLATE utf8mb4_unicode_ci DEFAULT NULL,
  `provider` varchar(255) COLLATE utf8mb4_unicode_ci DEFAULT NULL,
  `redirect` text COLLATE utf8mb4_unicode_ci NOT NULL,
  `personal_access_client` tinyint(1) NOT NULL,
  `password_client` tinyint(1) NOT NULL,
  `revoked` tinyint(1) NOT NULL,
  `created_at` timestamp NULL DEFAULT NULL,
  `updated_at` timestamp NULL DEFAULT NULL
) ENGINE=InnoDB DEFAULT CHARSET=utf8mb4 COLLATE=utf8mb4_unicode_ci;

--
-- Dumping data for table `oauth_clients`
--

INSERT INTO `oauth_clients` (`id`, `user_id`, `name`, `secret`, `provider`, `redirect`, `personal_access_client`, `password_client`, `revoked`, `created_at`, `updated_at`) VALUES
(1, NULL, 'Laravel Personal Access Client', 'PyAaBmckuctZDOzLPp7Az4KtXPaz6rIOhRRRH3is', NULL, 'http://localhost', 1, 0, 0, '2020-11-09 06:38:46', '2020-11-09 06:38:46'),
(2, NULL, 'Laravel Password Grant Client', 'dXtjIPFNyjJVIDCG8SbJSW6QvbMbFxYW33HBOmKN', 'users', 'http://localhost', 0, 1, 0, '2020-11-09 06:38:46', '2020-11-09 06:38:46');

-- --------------------------------------------------------

--
-- Table structure for table `oauth_personal_access_clients`
--

CREATE TABLE `oauth_personal_access_clients` (
  `id` bigint(20) UNSIGNED NOT NULL,
  `client_id` bigint(20) UNSIGNED NOT NULL,
  `created_at` timestamp NULL DEFAULT NULL,
  `updated_at` timestamp NULL DEFAULT NULL
) ENGINE=InnoDB DEFAULT CHARSET=utf8mb4 COLLATE=utf8mb4_unicode_ci;

--
-- Dumping data for table `oauth_personal_access_clients`
--

INSERT INTO `oauth_personal_access_clients` (`id`, `client_id`, `created_at`, `updated_at`) VALUES
(1, 1, '2020-11-09 06:38:46', '2020-11-09 06:38:46');

-- --------------------------------------------------------

--
-- Table structure for table `oauth_refresh_tokens`
--

CREATE TABLE `oauth_refresh_tokens` (
  `id` varchar(100) COLLATE utf8mb4_unicode_ci NOT NULL,
  `access_token_id` varchar(100) COLLATE utf8mb4_unicode_ci NOT NULL,
  `revoked` tinyint(1) NOT NULL,
  `expires_at` datetime DEFAULT NULL
) ENGINE=InnoDB DEFAULT CHARSET=utf8mb4 COLLATE=utf8mb4_unicode_ci;

--
-- Dumping data for table `oauth_refresh_tokens`
--

INSERT INTO `oauth_refresh_tokens` (`id`, `access_token_id`, `revoked`, `expires_at`) VALUES
('b886e2991c39ffff3e9e67fafc0546c61ff59ecc637619af35811e2f0da585072d2097d7817f2bdb', '58fbdab10e5a3e62138cd42e19e5a4156578c39c8ad177cf34aee2dacdf5af62b66ad5e86babbd4d', 0, '2021-11-09 15:06:27');

-- --------------------------------------------------------

--
-- Table structure for table `password_resets`
--

CREATE TABLE `password_resets` (
  `email` varchar(255) COLLATE utf8mb4_unicode_ci NOT NULL,
  `token` varchar(255) COLLATE utf8mb4_unicode_ci NOT NULL,
  `created_at` timestamp NULL DEFAULT NULL
) ENGINE=InnoDB DEFAULT CHARSET=utf8mb4 COLLATE=utf8mb4_unicode_ci;

--
-- Dumping data for table `password_resets`
--

INSERT INTO `password_resets` (`email`, `token`, `created_at`) VALUES
('linlintun1197@gmail.com', '$2y$10$IX.9z1IIDT08bs052gwRHeFb58I5/BDoVXGg66ZtmUJBOvR3zVIra', '2020-11-09 07:03:23');

-- --------------------------------------------------------

--
-- Table structure for table `products`
--

CREATE TABLE `products` (
  `id` int(10) UNSIGNED NOT NULL,
  `name` varchar(255) COLLATE utf8mb4_unicode_ci NOT NULL,
  `detail` text COLLATE utf8mb4_unicode_ci NOT NULL,
  `price` int(11) NOT NULL,
  `stock` int(11) NOT NULL,
  `discount` int(11) NOT NULL,
  `created_at` timestamp NULL DEFAULT NULL,
  `updated_at` timestamp NULL DEFAULT NULL
) ENGINE=InnoDB DEFAULT CHARSET=utf8mb4 COLLATE=utf8mb4_unicode_ci;

--
-- Dumping data for table `products`
--

INSERT INTO `products` (`id`, `name`, `detail`, `price`, `stock`, `discount`, `created_at`, `updated_at`) VALUES
(1, 'minus', 'Eos rerum officiis repellat natus. Deleniti est magni autem. Non quas cum sapiente. Adipisci vel unde nulla quia.', 497, 1, 28, '2020-11-09 00:21:36', '2020-11-09 00:21:36'),
(2, 'incidunt', 'Omnis possimus eum earum quia in ut iste. Perferendis impedit aut laudantium non qui. Amet est neque nihil saepe provident deleniti consequatur. Eos qui quis voluptatem vitae.', 781, 8, 11, '2020-11-09 00:21:36', '2020-11-09 00:21:36'),
(3, 'dolorem', 'Enim ducimus aut fugit. Sit amet eos labore earum.', 319, 7, 16, '2020-11-09 00:21:36', '2020-11-09 00:21:36'),
(4, 'qui', 'Est illo atque consequatur vel minus. Voluptas dolores ut illo sint sed adipisci quidem architecto. Voluptates voluptatibus velit non veritatis dolorum corporis sint. Debitis rerum eius ut aspernatur dolorem accusamus quis.', 409, 6, 21, '2020-11-09 00:21:36', '2020-11-09 00:21:36'),
(5, 'dicta', 'Id rerum dolorem et vitae dolor ad. Maxime sed distinctio qui optio voluptas dolorem praesentium. Dolore laborum numquam voluptatibus quas ipsam est cumque. Et sit et praesentium et magnam reiciendis.', 543, 6, 26, '2020-11-09 00:21:36', '2020-11-09 00:21:36'),
(6, 'aperiam', 'Autem id similique vel autem. Et ea eos explicabo nostrum id est nihil.', 909, 4, 11, '2020-11-09 00:21:36', '2020-11-09 00:21:36'),
(7, 'voluptatem', 'Qui et sit accusantium et eligendi illum aperiam suscipit. Quidem sed qui exercitationem est odio nihil. Ratione placeat quod rem inventore est rem voluptatem.', 418, 2, 24, '2020-11-09 00:21:36', '2020-11-09 00:21:36'),
(8, 'nihil', 'Porro deleniti labore est voluptas impedit. Error cumque qui iusto ab sunt quas error. Consectetur impedit labore similique et porro et quos. Eveniet quia quos nostrum natus.', 309, 6, 17, '2020-11-09 00:21:36', '2020-11-09 00:21:36'),
(9, 'neque', 'Sint ipsam dolores doloremque tenetur inventore asperiores fugit. Ab error qui sunt magnam placeat. Quidem ipsum in labore molestiae. Magnam deserunt fugit illo vero.', 921, 7, 10, '2020-11-09 00:21:36', '2020-11-09 00:21:36'),
(10, 'voluptas', 'Culpa in sed et enim recusandae dolorem. Perferendis aliquam et sequi ut sit velit sit incidunt. Ducimus dolores dolorem dolorem aut voluptas qui. Aut similique quo dolorum minus.', 926, 0, 14, '2020-11-09 00:21:36', '2020-11-09 00:21:36'),
(11, 'modi', 'Omnis harum tenetur rem beatae ea et est. Atque repellendus illum sunt mollitia delectus aut accusantium. Debitis quia est sit magnam quia et. Sint et ab cumque accusantium repellendus voluptatibus sapiente.', 324, 5, 24, '2020-11-09 00:21:36', '2020-11-09 00:21:36'),
(12, 'eum', 'Recusandae et saepe et aliquam ut. Non nihil pariatur molestiae magni. Eum dolor sequi fuga repudiandae consequatur officia. Optio sit non qui incidunt quisquam.', 657, 4, 27, '2020-11-09 00:21:36', '2020-11-09 00:21:36'),
(13, 'ipsam', 'Aut culpa temporibus et aut non id id sequi. Vel totam alias enim cum illo. Consectetur soluta a nobis nihil est. Non ex repellat modi eum quos est saepe.', 186, 0, 4, '2020-11-09 00:21:36', '2020-11-09 00:21:36'),
(14, 'illo', 'Vero occaecati quia saepe eveniet facilis aut. Sed soluta in laudantium quasi sed odio et eum. Molestiae minima tenetur nihil et quam molestiae.', 433, 6, 20, '2020-11-09 00:21:36', '2020-11-09 00:21:36'),
(15, 'debitis', 'Quia suscipit tempore magni voluptate natus quaerat. Omnis eius eos magni natus quis. Cupiditate aspernatur voluptatem voluptatibus quam sint. Fugiat tenetur eos aut dolores error. Rerum porro inventore rerum neque totam voluptate.', 238, 1, 14, '2020-11-09 00:21:36', '2020-11-09 00:21:36'),
(16, 'excepturi', 'Voluptates non illo eos voluptates. Est corporis placeat aspernatur quis omnis voluptas quis. Tempora velit alias quibusdam occaecati est quia sit. Occaecati et vel illo quis molestias voluptatem laborum. Quia voluptates magnam iure eum odio odio porro.', 536, 5, 2, '2020-11-09 00:21:36', '2020-11-09 00:21:36'),
(17, 'quo', 'Consequatur exercitationem nam saepe nulla reiciendis blanditiis. Aut ea in corrupti voluptas quia voluptas recusandae. Deleniti at dolorem ut aspernatur voluptate.', 765, 9, 5, '2020-11-09 00:21:36', '2020-11-09 00:21:36'),
(18, 'omnis', 'Assumenda odio natus consequatur ut est laboriosam. Vero itaque minima laborum dolores eos velit et.', 283, 1, 28, '2020-11-09 00:21:36', '2020-11-09 00:21:36'),
(19, 'ullam', 'Et autem doloremque alias delectus adipisci. Omnis eveniet nesciunt molestiae quis mollitia vel natus quibusdam. Doloribus et tempore quasi. Ea ut ut id.', 825, 8, 29, '2020-11-09 00:21:36', '2020-11-09 00:21:36'),
(20, 'velit', 'Iusto et et incidunt aliquid id neque eum. Deserunt hic error sed illum totam repellendus. Non sunt quia minus quis voluptas voluptates expedita. Consequatur voluptatem rerum quod sit est id natus. Voluptas consequatur cum aliquam qui nihil nihil nisi.', 545, 0, 15, '2020-11-09 00:21:36', '2020-11-09 00:21:36'),
(21, 'a', 'Quae quas placeat ipsam vel sint cumque. Ea repudiandae animi rerum modi distinctio dolor. Quis eligendi possimus vel vero. Vero qui sit aut qui ipsam molestiae.', 538, 6, 23, '2020-11-09 00:21:36', '2020-11-09 00:21:36'),
(22, 'a', 'Velit ducimus repellat at dolor cupiditate quidem dolores. Nobis cum et nulla iste adipisci quibusdam. Fugiat odio architecto sed nihil molestiae sed enim. Pariatur sed amet modi quasi esse et ut provident.', 679, 5, 23, '2020-11-09 00:21:36', '2020-11-09 00:21:36'),
(23, 'corporis', 'Voluptatem vitae nihil vel expedita. Odit pariatur nihil quia. Hic similique voluptatibus voluptatem quia et optio reprehenderit. Et id quia hic est odio error voluptatem.', 619, 9, 10, '2020-11-09 00:21:36', '2020-11-09 00:21:36'),
(24, 'veritatis', 'Dignissimos aut corporis velit aperiam beatae maiores. Dolorum corrupti vero officiis dolorum. Unde quasi excepturi nihil quod.', 121, 7, 12, '2020-11-09 00:21:36', '2020-11-09 00:21:36'),
(25, 'blanditiis', 'Ut nam qui aliquid omnis. Aut aut tempore omnis tempore voluptas earum rem. Nemo autem provident sed harum.', 932, 5, 3, '2020-11-09 00:21:36', '2020-11-09 00:21:36'),
(26, 'qui', 'Laudantium provident tempora corporis libero cupiditate ipsa. Atque asperiores eum vel dolor animi explicabo adipisci. Est voluptatem qui id autem occaecati perferendis aliquam.', 895, 8, 7, '2020-11-09 00:21:36', '2020-11-09 00:21:36'),
(27, 'ipsa', 'Et atque consequuntur et rerum aliquam sed. Laboriosam aut reprehenderit aliquid error.', 603, 1, 6, '2020-11-09 00:21:36', '2020-11-09 00:21:36'),
(28, 'et', 'Qui aspernatur tempora animi aperiam voluptates aut praesentium. Fugiat nihil corrupti non nihil dicta. Et architecto quis est quas et expedita illum.', 315, 6, 15, '2020-11-09 00:21:36', '2020-11-09 00:21:36'),
(29, 'laboriosam', 'Quia sunt sunt dolor et sed ullam debitis a. Qui est molestiae necessitatibus facere aut ut adipisci. Esse nemo eius placeat iste voluptatum quia sequi.', 783, 5, 7, '2020-11-09 00:21:36', '2020-11-09 00:21:36'),
(30, 'dicta', 'Est vel est tempora quod et eos est. Et enim animi consequatur consequatur. Quam fugit omnis quam in repellendus modi ipsam. Dicta et mollitia excepturi labore.', 845, 0, 25, '2020-11-09 00:21:36', '2020-11-09 00:21:36'),
(31, 'voluptatum', 'Voluptate optio architecto perspiciatis. Quas nostrum sint neque et soluta rem dolore rerum.', 819, 1, 30, '2020-11-09 00:21:36', '2020-11-09 00:21:36'),
(32, 'qui', 'Reprehenderit unde est cum ea in. Adipisci fugit rerum sit. Quod occaecati temporibus nostrum harum accusamus natus.', 288, 9, 25, '2020-11-09 00:21:36', '2020-11-09 00:21:36'),
(33, 'est', 'Qui hic nostrum libero enim qui animi deserunt consequatur. Repellat laboriosam recusandae qui voluptas consequuntur fuga cumque. Enim corrupti velit vero nihil aut corporis sed. Nihil accusamus perspiciatis rerum sunt. Doloribus officiis consequatur possimus pariatur ipsa nobis.', 364, 1, 13, '2020-11-09 00:21:36', '2020-11-09 00:21:36'),
(34, 'maxime', 'Harum est incidunt libero tenetur sed ad. Nobis omnis accusantium harum qui officia earum atque. Voluptatibus in consequatur aut voluptatem in quam qui.', 494, 1, 6, '2020-11-09 00:21:36', '2020-11-09 00:21:36'),
(35, 'amet', 'Eum nobis alias qui ducimus quo repudiandae velit. Tempora labore maxime ea iure aspernatur odio maxime. Nam ut sequi provident facilis ullam modi harum.', 145, 4, 4, '2020-11-09 00:21:36', '2020-11-09 00:21:36'),
(36, 'recusandae', 'Ullam corrupti amet non voluptatibus. Modi inventore repellendus quisquam. Possimus non totam qui.', 566, 3, 3, '2020-11-09 00:21:36', '2020-11-09 00:21:36'),
(37, 'numquam', 'Odit veritatis adipisci cumque veniam sunt veritatis sequi. Eaque esse dignissimos facilis occaecati quia maiores. Voluptas aliquid vel quia et. Eligendi sunt autem distinctio atque et.', 859, 8, 26, '2020-11-09 00:21:36', '2020-11-09 00:21:36'),
(38, 'voluptatibus', 'Nostrum quaerat ratione suscipit fugiat sed et dolores corrupti. Quasi molestiae eos eos necessitatibus facere vel. Nobis libero eum autem doloribus non dolores nihil excepturi. Voluptatem sit perferendis aspernatur voluptate ab rerum.', 328, 7, 8, '2020-11-09 00:21:36', '2020-11-09 00:21:36'),
(39, 'sapiente', 'Nisi velit maxime ut. Qui asperiores praesentium perferendis suscipit totam inventore sed sit. Veritatis et deserunt quo debitis. Consectetur vel ut repellendus quos nisi.', 457, 8, 12, '2020-11-09 00:21:36', '2020-11-09 00:21:36'),
(40, 'neque', 'Amet in aut ut laudantium. Totam doloribus facilis facere velit similique sit. Quod possimus inventore quis architecto aut. Aut est autem praesentium aut.', 167, 3, 24, '2020-11-09 00:21:36', '2020-11-09 00:21:36'),
(41, 'omnis', 'Aut rem sint omnis minima deserunt officia reprehenderit quo. Reprehenderit deleniti a in voluptas. Fugiat molestiae magnam et et ut eos rem. Odio aut non atque qui nihil reiciendis cumque. Maxime est cum quia et distinctio magnam.', 212, 6, 8, '2020-11-09 00:21:36', '2020-11-09 00:21:36'),
(42, 'at', 'Aliquid eos quo error. Dignissimos fugit alias a est dolores. Deleniti placeat debitis aut quidem maiores.', 317, 8, 13, '2020-11-09 00:21:36', '2020-11-09 00:21:36'),
(43, 'et', 'Cupiditate quia exercitationem numquam. Voluptas esse aliquid facere recusandae. Deserunt est alias sit voluptate aut et.', 117, 6, 17, '2020-11-09 00:21:36', '2020-11-09 00:21:36'),
(44, 'beatae', 'A dolore repudiandae autem quas ratione. Optio libero rerum est in et et ex. Voluptatem non saepe voluptatum est pariatur corrupti. Est deserunt magnam est expedita voluptatem enim.', 703, 3, 25, '2020-11-09 00:21:36', '2020-11-09 00:21:36'),
(45, 'quo', 'Dolores doloribus placeat quod vel consequatur aliquam natus illum. Ut officia omnis sequi aspernatur qui et perspiciatis. Fugiat quas assumenda id eligendi harum laudantium.', 161, 5, 21, '2020-11-09 00:21:36', '2020-11-09 00:21:36'),
(46, 'est', 'Nisi non cumque amet dolorem rerum sed. Quibusdam nesciunt iste velit dolorem eius ab et. Quas atque sed et fugiat recusandae beatae iste beatae. Cum cumque laudantium corporis totam dolores. Quas et blanditiis aspernatur est cum autem.', 679, 3, 27, '2020-11-09 00:21:36', '2020-11-09 00:21:36'),
(47, 'ad', 'Iusto rem minima esse blanditiis. Corrupti aut commodi suscipit inventore. Vero quia velit quia perferendis sunt quibusdam fugit.', 802, 3, 20, '2020-11-09 00:21:36', '2020-11-09 00:21:36'),
(48, 'repellat', 'Consequuntur sequi optio repudiandae deserunt. Omnis error cupiditate amet voluptatibus et voluptas aut. Ut iste nostrum necessitatibus error in aperiam est.', 475, 0, 3, '2020-11-09 00:21:36', '2020-11-09 00:21:36'),
(49, 'nihil', 'Ad nostrum excepturi repellat iste dolore voluptate. Culpa dolore quaerat maiores placeat. Eveniet quam molestiae qui occaecati consequatur. Fugiat laboriosam libero molestias qui sit vero soluta.', 605, 2, 24, '2020-11-09 00:21:36', '2020-11-09 00:21:36'),
(50, 'et', 'Officiis quos rerum et est facilis sunt. Esse quia eligendi sit eius ea doloribus illo. Consequuntur facere quas ea eum tempore sint.', 562, 6, 10, '2020-11-09 00:21:36', '2020-11-09 00:21:36'),
(51, 'illo', 'Qui esse temporibus quo et beatae. Sapiente nemo id possimus est nisi. Tenetur facere harum commodi quo ipsa.', 793, 1, 21, '2020-11-09 00:22:22', '2020-11-09 00:22:22'),
(52, 'ullam', 'Sed officia ut et. Atque ea molestiae delectus iste magni. Repudiandae aliquid aut qui aut assumenda ab rem. Omnis delectus corporis aperiam distinctio dolor.', 887, 0, 28, '2020-11-09 00:22:22', '2020-11-09 00:22:22'),
(53, 'voluptate', 'Rerum debitis nostrum dolor voluptatem excepturi molestiae voluptas. Modi nemo distinctio dolore neque voluptatem. Sint sed ut blanditiis unde harum veritatis. Hic est unde voluptates.', 131, 4, 27, '2020-11-09 00:22:22', '2020-11-09 00:22:22'),
(54, 'et', 'Est adipisci laborum perspiciatis adipisci quisquam sunt mollitia odit. Odio sit ex deserunt tenetur. Consequatur similique consequatur ut sed aut nostrum mollitia qui. Autem ipsa aut in tempore aliquam.', 262, 8, 28, '2020-11-09 00:22:22', '2020-11-09 00:22:22'),
(55, 'et', 'Qui tempora consectetur sunt laudantium natus sequi. Rem iste doloribus sunt similique aliquam et excepturi.', 118, 7, 29, '2020-11-09 00:22:22', '2020-11-09 00:22:22'),
(56, 'voluptatem', 'Temporibus aut voluptatibus nemo fugit aliquam quia. Nisi inventore libero est numquam aut omnis esse. Dolorem neque enim illum.', 374, 0, 13, '2020-11-09 00:22:22', '2020-11-09 00:22:22'),
(57, 'quisquam', 'Magnam laborum ut labore dolor cupiditate. Nam harum eos explicabo nam iste. Repellendus in omnis tempora dolorem dignissimos facilis.', 290, 0, 20, '2020-11-09 00:22:22', '2020-11-09 00:22:22'),
(58, 'praesentium', 'Aut tenetur possimus consequatur consequuntur id quibusdam molestiae. Est qui neque quisquam tempore. Et aut blanditiis praesentium expedita consequuntur aut vitae. Ex sit consequatur nihil soluta repellat est modi.', 376, 2, 9, '2020-11-09 00:22:22', '2020-11-09 00:22:22'),
(59, 'enim', 'Qui rerum modi asperiores doloremque doloribus nostrum ipsa. Magnam rerum odit voluptas. Non qui est beatae. Voluptate reprehenderit doloremque exercitationem fugiat id doloribus maxime.', 316, 3, 22, '2020-11-09 00:22:22', '2020-11-09 00:22:22'),
(60, 'quibusdam', 'Et veritatis et dolore sed sint est aut. Voluptatem est voluptatem quaerat voluptas ipsam architecto. Iure accusantium vero delectus ea molestiae sint sit. Aut voluptatibus perspiciatis quibusdam cupiditate velit doloribus.', 959, 9, 7, '2020-11-09 00:22:22', '2020-11-09 00:22:22'),
(61, 'nemo', 'Rerum sapiente praesentium atque nobis occaecati harum. Dignissimos nostrum pariatur illum ea unde et. Omnis omnis ab sed deserunt et fugit.', 724, 7, 20, '2020-11-09 00:22:22', '2020-11-09 00:22:22'),
(62, 'placeat', 'Numquam vitae ex enim aliquam suscipit aut et. Doloribus molestiae et et aliquam dolores.', 320, 8, 25, '2020-11-09 00:22:22', '2020-11-09 00:22:22'),
(63, 'repudiandae', 'Qui est eos in voluptas dolore omnis non. Pariatur sapiente ex occaecati sit. Qui harum eos sed repellat.', 770, 2, 12, '2020-11-09 00:22:22', '2020-11-09 00:22:22'),
(64, 'harum', 'Vero et omnis id et animi et voluptate. Ea at ipsa minus quia qui facilis numquam. Deleniti voluptas dicta dolorum sequi sed.', 134, 2, 11, '2020-11-09 00:22:22', '2020-11-09 00:22:22'),
(65, 'qui', 'Ratione impedit rerum sed doloribus ipsam eos sit ullam. Quibusdam cumque reiciendis ut quia praesentium tempora omnis quo. Molestiae autem laboriosam eligendi temporibus quas.', 243, 3, 7, '2020-11-09 00:22:22', '2020-11-09 00:22:22'),
(66, 'architecto', 'Inventore modi debitis occaecati doloremque et. Nobis et dolorum eum assumenda velit aut. Odit voluptate doloremque quos nesciunt voluptatibus quis aliquam. Et repellat inventore quo qui.', 976, 0, 14, '2020-11-09 00:22:22', '2020-11-09 00:22:22'),
(67, 'nemo', 'Earum incidunt molestias velit ut. Maxime id quia perspiciatis nobis iusto rem est. Maxime velit praesentium rerum dolores. Ratione beatae quaerat omnis dolorem neque impedit in.', 561, 2, 25, '2020-11-09 00:22:22', '2020-11-09 00:22:22'),
(68, 'voluptatem', 'Quam beatae alias excepturi nihil dolorem accusantium. Explicabo modi sapiente impedit quia autem. Excepturi sapiente voluptas at eius et odio.', 840, 2, 18, '2020-11-09 00:22:22', '2020-11-09 00:22:22'),
(69, 'magnam', 'Sint harum dolorum voluptatem velit. Debitis soluta aut facilis cupiditate est. Dolor rem adipisci odit ut expedita. Amet esse illum voluptates tempora.', 110, 3, 18, '2020-11-09 00:22:22', '2020-11-09 00:22:22'),
(70, 'quasi', 'In quas et alias quidem quia exercitationem recusandae. Quo quia sunt exercitationem est laboriosam. Impedit molestiae non minima. Atque aut cupiditate iure dicta dolor quasi aut.', 387, 8, 13, '2020-11-09 00:22:22', '2020-11-09 00:22:22'),
(71, 'dolores', 'Nisi quod sit sit. Libero accusantium provident illo perferendis sed et nesciunt. Voluptates minima quas rerum.', 751, 1, 24, '2020-11-09 00:22:22', '2020-11-09 00:22:22'),
(72, 'et', 'Rerum nulla enim totam a. Debitis laudantium qui aut saepe mollitia est. Non velit rerum voluptatem ullam et.', 514, 8, 27, '2020-11-09 00:22:22', '2020-11-09 00:22:22'),
(73, 'eos', 'Labore velit molestiae unde sit sit sit. Est culpa molestiae nostrum sed quaerat nemo voluptas. Fugit veniam dolorem quis recusandae ipsum velit.', 826, 1, 5, '2020-11-09 00:22:22', '2020-11-09 00:22:22'),
(74, 'dolor', 'Culpa voluptas error beatae enim est doloribus minima minus. Quia excepturi et qui dolor eveniet. Omnis cumque voluptatem officia quo perferendis dolor magni. Unde fugiat omnis nemo et delectus.', 957, 0, 7, '2020-11-09 00:22:22', '2020-11-09 00:22:22'),
(75, 'at', 'Adipisci incidunt sunt rerum non dolore ea. Aut repellat nam repellendus et. Deleniti et voluptatum dolor optio eos aut. Itaque cupiditate iure iusto ut dolorem dolores.', 814, 6, 4, '2020-11-09 00:22:22', '2020-11-09 00:22:22'),
(76, 'rerum', 'Ea minus pariatur hic non quod minus voluptatibus. Molestias molestiae quaerat quia quia quibusdam beatae. Quo nesciunt tempora dicta sed voluptas. Dolores laborum voluptate temporibus delectus praesentium reprehenderit at optio. Tempora impedit corrupti velit et aut.', 253, 4, 30, '2020-11-09 00:22:22', '2020-11-09 00:22:22'),
(77, 'ratione', 'Sequi modi dolorum culpa dolorem quo. Aut eius accusantium rerum at. Est quia vitae corrupti ullam. Iure voluptas illo animi at placeat praesentium dolorem.', 782, 7, 26, '2020-11-09 00:22:22', '2020-11-09 00:22:22'),
(78, 'expedita', 'Illo quae veritatis et at. Dicta nesciunt in omnis accusamus est eveniet. Quidem qui voluptatem corrupti nostrum fuga. Perspiciatis reiciendis porro modi reiciendis consequatur.', 862, 4, 14, '2020-11-09 00:22:22', '2020-11-09 00:22:22'),
(79, 'rerum', 'Adipisci at et et corporis. In sequi delectus nulla possimus ut. Harum voluptatem quis velit dicta et impedit voluptatem ea.', 851, 5, 8, '2020-11-09 00:22:22', '2020-11-09 00:22:22'),
(80, 'sunt', 'Et numquam dolor minus porro debitis aliquam. Voluptas fugit necessitatibus quidem quia sunt dolores. Est dolores omnis et vel et eaque.', 150, 8, 22, '2020-11-09 00:22:22', '2020-11-09 00:22:22'),
(81, 'officiis', 'Reprehenderit molestiae ab et quo. Sunt praesentium ipsa ipsum voluptas commodi. Unde facere possimus non nobis. Sed quisquam tempore quia deserunt.', 230, 7, 17, '2020-11-09 00:22:22', '2020-11-09 00:22:22'),
(82, 'dolores', 'Aliquam ut consequatur accusantium voluptatem maiores eius maiores atque. Repellat fuga facilis sunt dolor aut. Itaque quae exercitationem sed non sequi. Consequatur iure voluptatem quo inventore.', 423, 2, 15, '2020-11-09 00:22:22', '2020-11-09 00:22:22'),
(83, 'maiores', 'Repellendus sed illo nihil accusantium sit sit ut. Laboriosam quaerat amet ab nisi eos vel.', 141, 1, 9, '2020-11-09 00:22:22', '2020-11-09 00:22:22'),
(84, 'odio', 'Ut dolorem voluptate sint culpa et aut. Illo laudantium tenetur enim. Rerum sunt asperiores ipsum voluptatem ducimus est distinctio totam. Aliquid aut blanditiis veritatis tenetur veritatis.', 284, 7, 9, '2020-11-09 00:22:22', '2020-11-09 00:22:22'),
(85, 'dolores', 'Velit eum et itaque id et. Ut et natus quo inventore rerum non officia modi. Tempore iusto quisquam maiores officiis sit.', 805, 4, 18, '2020-11-09 00:22:22', '2020-11-09 00:22:22'),
(86, 'aliquam', 'Magni quisquam enim in neque voluptatum natus doloremque. Modi beatae voluptas ad quo. Quis corporis ad a modi enim quas.', 696, 1, 4, '2020-11-09 00:22:22', '2020-11-09 00:22:22'),
(87, 'tempora', 'Numquam non ut ut voluptas et est eius. A autem nulla et vitae maiores cumque eaque. Qui aut enim eos blanditiis. Necessitatibus quam similique doloribus ea rerum ut sunt pariatur.', 726, 1, 6, '2020-11-09 00:22:22', '2020-11-09 00:22:22'),
(88, 'voluptatum', 'Mollitia et voluptas qui officiis. Consectetur omnis molestiae accusantium in qui. Deleniti qui dolores laboriosam qui sed soluta. In doloribus dolores sequi iste id architecto quo.', 317, 6, 16, '2020-11-09 00:22:22', '2020-11-09 00:22:22'),
(89, 'quo', 'Ipsum sint ad exercitationem perferendis nemo rerum animi. Tenetur debitis in sequi nihil placeat culpa. A ea sed reprehenderit est vel. Necessitatibus dicta nisi nemo natus. Numquam omnis sit rem et ullam et.', 659, 3, 14, '2020-11-09 00:22:22', '2020-11-09 00:22:22'),
(90, 'tempore', 'Eum mollitia ut rerum ut ipsum cum natus rem. Voluptatem doloribus ducimus qui. Natus sit eum eos est a.', 678, 9, 12, '2020-11-09 00:22:22', '2020-11-09 00:22:22'),
(91, 'et', 'Quia ad eaque doloremque officiis consectetur inventore. Qui quibusdam quidem qui ab sint. Ipsam unde consectetur id voluptatem eos dolor.', 714, 0, 25, '2020-11-09 00:22:22', '2020-11-09 00:22:22'),
(92, 'est', 'Voluptates alias quisquam id consequatur. Non veritatis molestias reiciendis quia quo. Aut quas vel occaecati adipisci ipsum quidem quia eos. Alias ducimus praesentium voluptatum.', 312, 1, 9, '2020-11-09 00:22:22', '2020-11-09 00:22:22'),
(93, 'et', 'Dolores ea deserunt et nesciunt vel. Maiores pariatur temporibus dolores laboriosam fugiat qui dolorem. Quasi corrupti ut excepturi cum ipsa cum dolore iusto.', 984, 1, 4, '2020-11-09 00:22:22', '2020-11-09 00:22:22'),
(94, 'voluptatum', 'Laboriosam explicabo consequuntur ipsam minus soluta ratione facere. Ab voluptatem aut unde officiis rem ratione enim. Qui reiciendis quia esse in odit delectus sunt. Quia rerum aut mollitia corporis modi et fugiat.', 659, 9, 26, '2020-11-09 00:22:22', '2020-11-09 00:22:22'),
(95, 'ut', 'Illum iusto eum atque. Facere repudiandae consequatur dolores non. Quisquam ut aut tenetur.', 530, 3, 24, '2020-11-09 00:22:22', '2020-11-09 00:22:22'),
(96, 'qui', 'Ad recusandae sit quis architecto aut est sed. Numquam quam doloribus sit sed voluptatem veniam distinctio. Ea sequi sed sit ut quis ea aut.', 984, 0, 14, '2020-11-09 00:22:22', '2020-11-09 00:22:22'),
(97, 'odio', 'Quia pariatur rerum dignissimos eius eos. Distinctio consequatur quisquam vel sed. Illum labore dolores dolore adipisci quos aut accusamus.', 267, 8, 7, '2020-11-09 00:22:22', '2020-11-09 00:22:22'),
(98, 'ex', 'Autem eos aspernatur accusamus et. Omnis eos laudantium sequi repudiandae facilis necessitatibus recusandae. Illo omnis laboriosam ullam exercitationem voluptate. Quia sit quasi qui numquam quia aliquam.', 910, 7, 29, '2020-11-09 00:22:22', '2020-11-09 00:22:22'),
(99, 'soluta', 'Vel et occaecati sapiente minus laboriosam dolorem voluptatum maxime. Voluptatem ad eum quia maxime. Distinctio repellendus molestiae ut harum. Voluptas modi doloremque aut ipsam laboriosam saepe cumque.', 196, 9, 29, '2020-11-09 00:22:22', '2020-11-09 00:22:22');

-- --------------------------------------------------------

--
-- Table structure for table `reviews`
--

CREATE TABLE `reviews` (
  `id` int(10) UNSIGNED NOT NULL,
  `product_id` int(10) UNSIGNED NOT NULL,
  `customer` varchar(255) COLLATE utf8mb4_unicode_ci NOT NULL,
  `review` text COLLATE utf8mb4_unicode_ci NOT NULL,
  `star` int(11) NOT NULL,
  `created_at` timestamp NULL DEFAULT NULL,
  `updated_at` timestamp NULL DEFAULT NULL
) ENGINE=InnoDB DEFAULT CHARSET=utf8mb4 COLLATE=utf8mb4_unicode_ci;

--
-- Dumping data for table `reviews`
--

INSERT INTO `reviews` (`id`, `product_id`, `customer`, `review`, `star`, `created_at`, `updated_at`) VALUES
(1, 86, 'Ryleigh Bode', 'Molestiae sint iure tempora libero. Optio voluptatem vero et est aut sit. Expedita iure nihil voluptates provident dolorem aperiam quam consequuntur.', 5, '2020-11-09 00:22:22', '2020-11-09 00:22:22'),
(2, 19, 'Dr. Obie Macejkovic Sr.', 'Voluptatem occaecati ab voluptatem sapiente necessitatibus. Expedita est similique facilis quo nostrum totam. Neque consequuntur dolorem numquam laborum labore sint libero. Tenetur qui rerum voluptatum magni ducimus quasi voluptatem ducimus.', 2, '2020-11-09 00:22:22', '2020-11-09 00:22:22'),
(3, 46, 'Niko Swift Jr.', 'Velit vel provident quasi assumenda. Perferendis qui eveniet officiis sed. Aut qui quas et ducimus aut aperiam quidem. A eum quo adipisci dolore hic. Inventore qui autem sed asperiores repellendus.', 4, '2020-11-09 00:22:22', '2020-11-09 00:22:22'),
(4, 64, 'Mr. Keanu Dibbert Sr.', 'Omnis consequuntur aliquid at est aut. Non harum velit non. Ea repellendus cum facere modi quidem consequatur quo aut.', 1, '2020-11-09 00:22:22', '2020-11-09 00:22:22'),
(5, 43, 'Mrs. Patsy Schuppe Jr.', 'Id vel omnis ea ab omnis iste. Et alias tempore excepturi. Optio et facilis et id quam voluptatibus ab. Rerum at dolorem sed et.', 4, '2020-11-09 00:22:22', '2020-11-09 00:22:22'),
(6, 15, 'Jonas Hane', 'Modi nemo esse minus fugit optio. Quia officiis cumque fugit possimus ut mollitia. Dolorem perspiciatis sint atque consequatur libero.', 5, '2020-11-09 00:22:22', '2020-11-09 00:22:22'),
(7, 3, 'Ellen Boyer', 'Nihil qui a dolores dolorem. Odio suscipit quasi a neque. Voluptatem architecto omnis provident aut. Ex rerum et quia voluptatum veritatis culpa rem.', 1, '2020-11-09 00:22:22', '2020-11-09 00:22:22'),
(8, 19, 'Josefina Rogahn MD', 'Quod consectetur praesentium a provident odio. Repudiandae iusto occaecati a ipsa voluptatibus qui nisi. Illo et eaque ut fugiat soluta ab ratione. Dolor maiores repudiandae quo aut eum temporibus eius.', 2, '2020-11-09 00:22:22', '2020-11-09 00:22:22'),
(9, 62, 'Nannie Stroman', 'Doloribus quisquam soluta atque. Blanditiis libero similique magnam accusantium deserunt. Sed id numquam deserunt et architecto error quaerat. Quae voluptatem repudiandae eaque beatae veritatis.', 1, '2020-11-09 00:22:22', '2020-11-09 00:22:22'),
(10, 64, 'Mr. Owen Willms PhD', 'Modi consequatur ut quia debitis et aut sunt. Ab aut sed et expedita. Molestias ut quis reiciendis et consequatur blanditiis laborum. Enim laudantium ducimus ipsam voluptatum repudiandae et culpa.', 1, '2020-11-09 00:22:22', '2020-11-09 00:22:22'),
(11, 66, 'Kaycee Walsh', 'Perferendis alias eveniet dolore assumenda nostrum. Temporibus provident corrupti nemo aut aut. Non ut et qui vel.', 0, '2020-11-09 00:22:22', '2020-11-09 00:22:22'),
(12, 34, 'Miss Rowena Lueilwitz I', 'Sed qui doloremque aliquam enim voluptas sit. Quam explicabo cumque enim illo consequatur qui quia. Laudantium cum explicabo illo expedita laudantium et.', 1, '2020-11-09 00:22:22', '2020-11-09 00:22:22'),
(13, 22, 'Dr. Shanna Kemmer', 'Rerum possimus quas deserunt amet iusto. Culpa est nesciunt vero omnis. Dolore repudiandae aliquam enim.', 2, '2020-11-09 00:22:22', '2020-11-09 00:22:22'),
(14, 98, 'Armani Hermiston', 'Veniam dolorum recusandae qui tenetur est rerum aut. Perspiciatis voluptas quae saepe aut fuga. Sed sit voluptatum quam. Eligendi rem tempore et laborum neque.', 2, '2020-11-09 00:22:22', '2020-11-09 00:22:22'),
(15, 10, 'Bulah Block', 'Veritatis sed et aut dolor error officia qui nisi. Asperiores sit rerum asperiores sequi sint. Sit repellat labore itaque alias perferendis veritatis perferendis. Eos tempore officiis est quo. Soluta eum voluptas sed dolores culpa.', 5, '2020-11-09 00:22:22', '2020-11-09 00:22:22'),
(16, 72, 'Etha McLaughlin', 'Rerum qui et aspernatur aperiam perspiciatis. Est est sed similique rerum totam molestiae. Consequuntur doloremque et reiciendis laudantium.', 2, '2020-11-09 00:22:22', '2020-11-09 00:22:22'),
(17, 76, 'Erin Frami', 'Qui molestiae consequatur libero voluptatum eaque autem. Id ut non saepe eos earum sint. Ut qui maiores voluptatibus similique. Consectetur accusamus accusantium accusantium eligendi maxime aliquid nemo.', 4, '2020-11-09 00:22:22', '2020-11-09 00:22:22'),
(18, 47, 'Bell Pacocha', 'Delectus illum rerum sit qui. Dolorem in quaerat sit omnis unde nobis. Sapiente cupiditate quasi ut quidem. Voluptatibus consequuntur cum et. Et quo amet ut dolor nostrum.', 4, '2020-11-09 00:22:22', '2020-11-09 00:22:22'),
(19, 40, 'Kaleigh Hoppe', 'Omnis reiciendis exercitationem ut. Sint sint eum ipsa labore. Illum ab ipsam aut. Ex sapiente aut rem.', 2, '2020-11-09 00:22:22', '2020-11-09 00:22:22'),
(20, 65, 'Miss Jailyn Romaguera', 'Id aut possimus dolor laudantium blanditiis. Cumque quia optio qui aut non aperiam tempora non. Dolores modi repellendus libero debitis similique possimus. Nulla iste vitae et vitae.', 4, '2020-11-09 00:22:22', '2020-11-09 00:22:22'),
(21, 63, 'Ahmad Stokes', 'Sit sed est possimus deleniti. Velit nobis occaecati aut maiores similique. Et praesentium numquam aut debitis. Pariatur aut velit qui libero omnis vel cum.', 5, '2020-11-09 00:22:22', '2020-11-09 00:22:22'),
(22, 54, 'Makayla Christiansen', 'In soluta debitis at aut repudiandae. Sed dolorem exercitationem labore modi et. Molestiae quia illo exercitationem et. Maiores beatae dolores repellat.', 1, '2020-11-09 00:22:22', '2020-11-09 00:22:22'),
(23, 61, 'Cullen Prosacco', 'Aut ad sequi possimus molestiae. Assumenda aut sed eos id. Aut et officia atque saepe eius.', 1, '2020-11-09 00:22:22', '2020-11-09 00:22:22'),
(24, 43, 'Gust Runolfsson', 'Cumque facilis voluptatum iste deleniti molestiae voluptate. Accusantium natus molestias soluta consequatur consequatur in sint. Veritatis autem facilis repellat autem ut ad. In est iure ullam est et tenetur iste.', 1, '2020-11-09 00:22:22', '2020-11-09 00:22:22'),
(25, 94, 'Sedrick Lindgren MD', 'Quae ipsum modi pariatur vel eos eveniet eos. Dignissimos ex consectetur incidunt.', 2, '2020-11-09 00:22:22', '2020-11-09 00:22:22'),
(26, 25, 'Garrison Spencer', 'Officiis qui rerum delectus explicabo saepe veniam aliquid. Illum tempora voluptatibus consequatur aperiam voluptas. Magnam perferendis soluta cupiditate minus.', 0, '2020-11-09 00:22:22', '2020-11-09 00:22:22'),
(27, 21, 'Ms. Althea Dickens', 'Saepe nesciunt mollitia aliquid quae mollitia. Non totam magni rerum maxime repudiandae. Enim accusantium ut quaerat vero quos accusamus omnis corporis. Et officiis quod dicta culpa consequatur asperiores saepe in. Illo quis consequuntur magni voluptate aut ducimus quisquam.', 5, '2020-11-09 00:22:22', '2020-11-09 00:22:22'),
(28, 92, 'Tressie Mohr', 'Velit sed voluptates ab ad sunt beatae modi. Neque nesciunt ut ipsum debitis. Dolore et aspernatur ipsa harum. Dolore ut quibusdam accusantium non deserunt consequatur voluptas et.', 5, '2020-11-09 00:22:22', '2020-11-09 00:22:22'),
(29, 95, 'Ms. Jennifer Kessler II', 'Harum aspernatur rerum qui beatae occaecati. Quia aliquid eius laboriosam nihil in placeat omnis voluptatum. Maiores quia modi aut iste. Necessitatibus sint dolorum perferendis fuga sint sunt at.', 3, '2020-11-09 00:22:22', '2020-11-09 00:22:22'),
(30, 63, 'Dr. Diamond Konopelski DDS', 'Voluptatem enim voluptate nostrum nihil. Fugit officiis culpa sed ipsam eius eos ea. Ipsam officiis error quod odio a temporibus velit. Est consequatur laborum nesciunt ratione ex in at sit.', 3, '2020-11-09 00:22:22', '2020-11-09 00:22:22'),
(31, 45, 'Prof. Jordyn Cassin PhD', 'Sit tempora deserunt sed saepe tenetur. Odio provident dolore voluptate. Incidunt ea ratione nostrum est repellendus ut. Rerum expedita voluptate atque magni.', 1, '2020-11-09 00:22:22', '2020-11-09 00:22:22'),
(32, 47, 'Ms. Mariane Murphy I', 'Ut laboriosam numquam corporis natus libero et delectus. Ut veniam et dicta numquam veniam recusandae. Nobis eius qui ut iusto voluptatibus commodi ut. Nobis non laudantium est blanditiis.', 5, '2020-11-09 00:22:22', '2020-11-09 00:22:22'),
(33, 62, 'Vivian Kuhn', 'Sit sed architecto maxime qui reprehenderit architecto et. Quia animi et blanditiis ut ullam ex occaecati. Qui sed quaerat ad consequuntur libero.', 5, '2020-11-09 00:22:22', '2020-11-09 00:22:22'),
(34, 12, 'Miss Clara Smith V', 'Quo est doloribus corporis similique ipsam. Ipsa nisi architecto quo impedit dolores magni esse. Quas molestiae dolorem tempora mollitia repellendus minus.', 3, '2020-11-09 00:22:22', '2020-11-09 00:22:22'),
(35, 12, 'Winfield Rempel', 'Praesentium quis minima aliquam qui iure soluta inventore voluptatem. Numquam non explicabo suscipit consequatur quis cupiditate. Est cumque ex sequi et.', 3, '2020-11-09 00:22:22', '2020-11-09 00:22:22'),
(36, 76, 'D\'angelo Dicki', 'Rem qui molestiae sint veniam error dolores praesentium. Non mollitia aut impedit voluptatem possimus ipsa qui. Quo sunt quae occaecati explicabo et qui.', 1, '2020-11-09 00:22:22', '2020-11-09 00:22:22'),
(37, 67, 'Lukas Nicolas', 'Consectetur sequi aliquam quidem qui. Porro eaque ut a. Placeat nesciunt voluptas debitis qui quas. Consequuntur ut dolorum asperiores excepturi illo esse. Aut doloremque quas est facere.', 5, '2020-11-09 00:22:22', '2020-11-09 00:22:22'),
(38, 19, 'Melyna Maggio', 'Quia nesciunt voluptas blanditiis mollitia et hic facilis. Rerum corrupti quibusdam sunt ducimus in. Sint ducimus temporibus est. Et ut iusto vero in velit aut dolore.', 3, '2020-11-09 00:22:22', '2020-11-09 00:22:22'),
(39, 53, 'Dr. Andres Pfannerstill', 'Voluptatum quia unde dolorem qui ut et et magnam. A est impedit qui aut. Sed labore qui qui quia eaque.', 4, '2020-11-09 00:22:22', '2020-11-09 00:22:22'),
(40, 57, 'Hertha Schulist', 'Excepturi est rerum sequi debitis maxime ipsam et cumque. Qui molestiae libero vero est quaerat.', 4, '2020-11-09 00:22:22', '2020-11-09 00:22:22'),
(41, 20, 'Dr. Kade Greenfelder II', 'Dolorum laboriosam nulla delectus doloribus. Voluptatem libero incidunt saepe voluptates. Dignissimos expedita et rerum sunt minus placeat. Perferendis expedita beatae occaecati ipsa et consectetur et.', 4, '2020-11-09 00:22:22', '2020-11-09 00:22:22'),
(42, 4, 'Brionna Marks Sr.', 'Non sit voluptatem et ullam fugiat. Sequi ipsum molestiae in aliquid. Non voluptas voluptatum enim neque. Sapiente nulla rem sit est ratione.', 4, '2020-11-09 00:22:22', '2020-11-09 00:22:22'),
(43, 75, 'Janiya Bogan', 'Atque porro iure quisquam id. Perferendis occaecati molestiae incidunt et dolore voluptatibus totam vel. Consectetur omnis eum sunt est. Totam dolor ut architecto perspiciatis.', 0, '2020-11-09 00:22:22', '2020-11-09 00:22:22'),
(44, 5, 'Vella Labadie', 'Voluptatem porro dolor consectetur. Id et expedita praesentium illo qui vel aut.', 4, '2020-11-09 00:22:22', '2020-11-09 00:22:22'),
(45, 55, 'Aaliyah Jerde', 'Quo dolores maxime tempora eum incidunt eos. Temporibus et tempore aperiam tempore iste sit totam. Aut qui et ut ipsum est. Quia non voluptatem mollitia omnis ea et nesciunt.', 3, '2020-11-09 00:22:22', '2020-11-09 00:22:22'),
(46, 16, 'Courtney Walsh', 'Qui vel perspiciatis laudantium qui. Porro quae consequatur et. Aperiam sint dolore voluptatem. Et fugiat quisquam velit.', 4, '2020-11-09 00:22:22', '2020-11-09 00:22:22'),
(47, 44, 'Oleta O\'Connell', 'Voluptas ut numquam labore qui sequi laborum facilis. Voluptates pariatur consequatur dolor dolor. Perferendis cupiditate tenetur libero et magnam. Nisi voluptas necessitatibus aut dolor cumque ea consectetur.', 0, '2020-11-09 00:22:22', '2020-11-09 00:22:22'),
(48, 40, 'King Schimmel Sr.', 'Odit rerum nobis reiciendis ipsum et excepturi. Sunt laudantium voluptatem unde quis at nesciunt ducimus. In et non omnis architecto dolorum excepturi eos beatae. Ratione nihil reprehenderit sunt saepe.', 4, '2020-11-09 00:22:22', '2020-11-09 00:22:22'),
(49, 89, 'Mr. Vince Kirlin DVM', 'Rem et praesentium dicta non corrupti quae. Minima amet vel consequatur laborum aut. Quia sit non earum molestiae nisi.', 5, '2020-11-09 00:22:22', '2020-11-09 00:22:22'),
(50, 70, 'Miss Sheila Cremin', 'Non nesciunt quod et animi et. Explicabo nulla molestias itaque. Cum doloribus eligendi sit quia. In vero corrupti suscipit placeat et eaque.', 3, '2020-11-09 00:22:22', '2020-11-09 00:22:22'),
(51, 27, 'Mrs. Mariela Sporer', 'Ut ex eum nihil. Aut voluptas sed temporibus aut enim. Fugit eum officia incidunt ea.', 2, '2020-11-09 00:22:22', '2020-11-09 00:22:22'),
(52, 13, 'Tod Dickens Jr.', 'Enim et id qui minus debitis voluptas quos iste. Iure amet dignissimos corrupti est ea et. Consequatur sunt praesentium aut ipsam recusandae non.', 5, '2020-11-09 00:22:22', '2020-11-09 00:22:22'),
(53, 83, 'Imani Watsica', 'Voluptate doloribus minima fugit officiis sint. Et magni minus veritatis quis ea praesentium rerum. Quisquam debitis omnis placeat facilis est laborum. Perferendis est vitae eveniet quaerat vitae vitae necessitatibus.', 0, '2020-11-09 00:22:22', '2020-11-09 00:22:22'),
(54, 96, 'Agnes Greenfelder Sr.', 'Neque molestiae aut voluptate dolores. Id tempore praesentium sed et est aut. Qui delectus dolore quia ex tenetur. Quia ullam laboriosam vero consequuntur.', 4, '2020-11-09 00:22:22', '2020-11-09 00:22:22'),
(55, 98, 'Celestine Parker', 'Et qui et voluptates facilis velit ipsum sunt. Repellendus minima necessitatibus necessitatibus ad rerum dolorum odit. Ipsum vitae tempore facilis.', 3, '2020-11-09 00:22:22', '2020-11-09 00:22:22'),
(56, 40, 'Cortez Mann', 'Sed suscipit odio ea at blanditiis. Sunt velit harum ipsum labore. Ad quis unde voluptas et.', 4, '2020-11-09 00:22:22', '2020-11-09 00:22:22'),
(57, 14, 'Bernhard Nicolas', 'Velit dolore sed voluptas sapiente. Eaque asperiores voluptatem velit ratione. Nihil nesciunt consequatur dolore blanditiis eligendi est. Consequatur iste necessitatibus ipsum.', 4, '2020-11-09 00:22:22', '2020-11-09 00:22:22'),
(58, 54, 'Mr. Reid Reinger V', 'Sit quo quia error repellat. Hic voluptatem quibusdam deserunt distinctio nobis veniam rerum.', 4, '2020-11-09 00:22:22', '2020-11-09 00:22:22'),
(59, 80, 'Dr. Georgette Mosciski', 'Temporibus doloribus aut ducimus consequatur aut aspernatur. Sint totam ex quam sed aut fuga. Qui rem placeat qui consequatur sapiente earum eligendi.', 1, '2020-11-09 00:22:22', '2020-11-09 00:22:22'),
(60, 84, 'Raphaelle Watsica', 'Quas quidem magnam fuga error quia voluptas. In eligendi et deserunt non facilis nulla quos nulla. In qui qui vel et dolor impedit. Atque voluptas quasi quam qui.', 4, '2020-11-09 00:22:22', '2020-11-09 00:22:22'),
(61, 58, 'Name Runolfsdottir', 'Reprehenderit praesentium porro doloremque omnis sint voluptatem id. Asperiores ut molestias sequi aliquid ut natus reiciendis. Tenetur iure et et repudiandae praesentium quas iusto.', 5, '2020-11-09 00:22:22', '2020-11-09 00:22:22'),
(62, 50, 'Margarete Schiller', 'Dolor est sint sit doloribus voluptatem magnam soluta. Quam voluptatem vel nihil sit qui sit consequatur ut.', 0, '2020-11-09 00:22:22', '2020-11-09 00:22:22'),
(63, 25, 'Ahmad Schultz', 'Necessitatibus iste voluptatem enim et non. Neque nostrum eos ab corrupti est placeat. Molestiae exercitationem est aut quia. Ullam itaque ducimus est magnam et.', 5, '2020-11-09 00:22:22', '2020-11-09 00:22:22'),
(64, 42, 'Khalil Okuneva', 'Nulla voluptatum qui tempore rem ut debitis ut. Inventore mollitia omnis quia aliquid velit aut aut.', 5, '2020-11-09 00:22:22', '2020-11-09 00:22:22'),
(65, 18, 'Queenie Reilly', 'Quisquam fugit voluptatem architecto et. In voluptas ipsa laborum. Doloremque ratione eum qui voluptas. Qui et soluta deserunt exercitationem incidunt quod error.', 4, '2020-11-09 00:22:22', '2020-11-09 00:22:22'),
(66, 4, 'Allison Ebert', 'Quae distinctio consequatur ex magni id officiis quia. Velit sed quod quasi ut. Quod id alias rerum magnam quia ullam qui aut. Nisi inventore vel officiis officiis.', 3, '2020-11-09 00:22:22', '2020-11-09 00:22:22'),
(67, 69, 'Franco Schimmel', 'Id aliquid aliquid excepturi a occaecati alias quam. Sint vitae quisquam ea temporibus eos. Et tenetur fugiat enim est ut.', 4, '2020-11-09 00:22:22', '2020-11-09 00:22:22'),
(68, 31, 'Dr. Sim Williamson', 'Voluptates culpa eligendi et qui sit. Et saepe ab eos quo quod alias qui. Aut sint delectus quidem et.', 1, '2020-11-09 00:22:22', '2020-11-09 00:22:22'),
(69, 51, 'Richard Bruen', 'Esse quia voluptatum vero aut ipsam nam. Nemo occaecati vero consequatur. Expedita et fugiat eius recusandae rem eos quis suscipit.', 1, '2020-11-09 00:22:22', '2020-11-09 00:22:22'),
(70, 54, 'Dr. Ewald Leannon III', 'Et maxime doloribus qui. Doloremque est unde tempore consequatur et sint. Doloribus magni voluptatibus exercitationem voluptatem eius inventore ullam.', 1, '2020-11-09 00:22:22', '2020-11-09 00:22:22'),
(71, 32, 'Miss Isobel Schiller', 'Deleniti atque officia rerum veritatis nam officia. Nihil autem porro exercitationem sint. Ipsa iure sint harum ex error corporis. Laudantium eos voluptates molestiae ea molestiae cum.', 1, '2020-11-09 00:22:22', '2020-11-09 00:22:22'),
(72, 52, 'Blaise Murray', 'Expedita et est ipsam corrupti et voluptatibus. Itaque nemo magni enim. Fuga numquam et dignissimos consequatur. Reiciendis quaerat libero quia esse.', 2, '2020-11-09 00:22:22', '2020-11-09 00:22:22'),
(73, 78, 'Duncan Berge', 'Officiis voluptatem debitis voluptatum. Dignissimos commodi porro aut non saepe. Nobis totam nemo omnis.', 0, '2020-11-09 00:22:22', '2020-11-09 00:22:22'),
(74, 78, 'Carmella Farrell', 'Magnam et voluptates maiores voluptatem magnam placeat sed. Provident architecto magnam ut tenetur. Voluptatem voluptatem dignissimos aut reiciendis. Inventore et eos rem dignissimos dolorem et. Soluta quibusdam ex quia illo enim.', 2, '2020-11-09 00:22:22', '2020-11-09 00:22:22'),
(75, 53, 'Clovis Parker DDS', 'Sequi eum quam autem quisquam et expedita quaerat. Aut nobis et aut corporis quia vel aspernatur corrupti. Et eos eos tempore similique sed aliquam non. Sapiente suscipit corporis et.', 5, '2020-11-09 00:22:22', '2020-11-09 00:22:22'),
(76, 12, 'Katlyn Turner', 'Voluptas consequatur asperiores dolorum et asperiores vero. Mollitia deserunt repellat sequi sunt nihil. Dolores dolorem ut praesentium rerum. Eum non velit dolorem voluptates quidem nobis.', 3, '2020-11-09 00:22:22', '2020-11-09 00:22:22'),
(77, 67, 'Deon Considine V', 'Quod quibusdam eveniet nostrum facere eveniet at. Rerum omnis porro ad quos aut. Et sunt consequatur itaque optio quis consequatur labore. Explicabo dolore distinctio aliquam assumenda nisi totam eius.', 2, '2020-11-09 00:22:22', '2020-11-09 00:22:22'),
(78, 54, 'Ms. Emelie Weissnat', 'Esse commodi aperiam odit eaque et vero est. Facilis qui quod impedit voluptatem. Ea doloribus voluptates est aut rerum.', 0, '2020-11-09 00:22:22', '2020-11-09 00:22:22'),
(79, 27, 'Prof. Lexus Hackett PhD', 'Voluptates odit et sed ipsa accusantium. Quasi ea facilis fugit autem enim. Velit debitis illum qui qui consectetur vero.', 3, '2020-11-09 00:22:22', '2020-11-09 00:22:22'),
(80, 64, 'Brook Thiel', 'Dolore id aliquid tempore autem autem. Magni quis qui aut iste omnis. Est distinctio inventore placeat dicta maxime voluptatem ut.', 0, '2020-11-09 00:22:22', '2020-11-09 00:22:22'),
(81, 36, 'Mrs. Shayna Glover V', 'Dicta eveniet ab nihil quisquam sed. Repudiandae ducimus velit voluptates nihil fugiat. Consequuntur dolores necessitatibus facilis ut accusamus non odit. Quos modi dolorum doloremque voluptatem voluptates et. Sit magni tempore illum tenetur saepe.', 1, '2020-11-09 00:22:22', '2020-11-09 00:22:22'),
(82, 62, 'Cassidy Kunze', 'Pariatur incidunt asperiores facilis corrupti deserunt blanditiis. Alias ea modi ex quaerat minus dolor. Doloremque ad voluptas quo.', 0, '2020-11-09 00:22:22', '2020-11-09 00:22:22'),
(83, 46, 'Dominic Conn', 'Nesciunt rerum rerum qui ut et omnis. Aut dolor sit facere dolor omnis. Debitis a eum error perspiciatis nemo. Voluptatem qui iste dolores sint nemo eum reiciendis. Doloremque rerum mollitia qui veritatis.', 4, '2020-11-09 00:22:22', '2020-11-09 00:22:22'),
(84, 25, 'Mckayla Hagenes', 'Tempore amet cupiditate itaque repellendus dolor expedita nam et. Magnam maxime voluptatem veniam laborum.', 5, '2020-11-09 00:22:22', '2020-11-09 00:22:22'),
(85, 69, 'Clare Reilly', 'Saepe doloremque vel nihil rem harum labore. Molestias voluptatibus rerum veniam qui quod laudantium nesciunt. Impedit fugit aspernatur quia.', 5, '2020-11-09 00:22:22', '2020-11-09 00:22:22'),
(86, 33, 'Prof. Raven McCullough MD', 'Occaecati dicta amet non error blanditiis in velit aliquam. Ad ea quia culpa provident debitis. Facilis vero quasi voluptatem voluptas.', 3, '2020-11-09 00:22:22', '2020-11-09 00:22:22'),
(87, 46, 'Dean Bahringer', 'Assumenda dolor quaerat ut corrupti. Possimus eum debitis rerum minus ipsam. Eius omnis molestiae aliquid officia.', 3, '2020-11-09 00:22:22', '2020-11-09 00:22:22'),
(88, 64, 'Samantha Prohaska', 'Eveniet enim velit est earum. Necessitatibus nulla beatae autem voluptatem sit. Perspiciatis itaque laborum veniam ullam.', 4, '2020-11-09 00:22:22', '2020-11-09 00:22:22'),
(89, 53, 'Vanessa Walsh', 'Doloribus minus asperiores voluptatem sed eius sapiente nulla. Illum qui eum aut minus at assumenda. Cum aut vel voluptatem enim ullam. Architecto ea temporibus alias dolores at dicta illum.', 1, '2020-11-09 00:22:22', '2020-11-09 00:22:22'),
(90, 52, 'Magnus Bergstrom', 'Aut saepe maiores est a temporibus ea. Id asperiores eum optio illum nostrum consequatur.', 2, '2020-11-09 00:22:22', '2020-11-09 00:22:22'),
(91, 52, 'Creola Doyle', 'Et sapiente et officiis nemo dolorum fugit et rem. Rerum quo facilis vero nesciunt voluptas dolor voluptatem et. Nesciunt incidunt voluptates blanditiis culpa.', 2, '2020-11-09 00:22:22', '2020-11-09 00:22:22'),
(92, 83, 'Dr. Lera Hill', 'Quasi illo sint totam sequi accusamus. Qui fugiat vero et non illo neque reiciendis.', 3, '2020-11-09 00:22:22', '2020-11-09 00:22:22'),
(93, 92, 'Mr. Cale Stokes II', 'Qui itaque accusamus fuga veniam pariatur illum. Debitis natus consequuntur at nesciunt quos nostrum voluptas. Iure sunt quasi ducimus accusantium est expedita dolorem. Sunt eum laboriosam voluptates voluptatum odio perferendis fuga.', 1, '2020-11-09 00:22:22', '2020-11-09 00:22:22'),
(94, 12, 'Rosalind Morissette', 'Aut reprehenderit vitae occaecati dolorum qui. Sit voluptas dolorem soluta vero porro animi omnis. Totam aut dicta consequatur.', 4, '2020-11-09 00:22:22', '2020-11-09 00:22:22'),
(95, 76, 'Stephon Steuber', 'Nihil est occaecati aut corporis. Nam non praesentium perferendis. Et illum id voluptas impedit accusantium accusamus. Reiciendis libero enim nemo.', 2, '2020-11-09 00:22:22', '2020-11-09 00:22:22'),
(96, 6, 'Ned Leffler', 'Sit ea et consequatur omnis expedita ratione debitis. Perspiciatis totam nam repellat voluptas sunt pariatur.', 1, '2020-11-09 00:22:22', '2020-11-09 00:22:22'),
(97, 50, 'Valentina Dooley', 'Et culpa id quia et ut. Itaque minus repellendus quia ut optio sunt accusamus.', 0, '2020-11-09 00:22:22', '2020-11-09 00:22:22'),
(98, 32, 'Dr. Johnnie Zemlak PhD', 'Perspiciatis debitis ut laboriosam sed et excepturi. Nobis adipisci ut libero ut explicabo. Quo delectus dicta assumenda voluptatem. Quod aliquam ratione aut est minus ex omnis.', 3, '2020-11-09 00:22:22', '2020-11-09 00:22:22'),
(99, 12, 'Mr. Amparo Funk I', 'Totam velit cumque sed itaque. Ullam est ipsum expedita sed ducimus.', 0, '2020-11-09 00:22:22', '2020-11-09 00:22:22'),
(100, 10, 'Mrs. Erna Nicolas', 'Ut voluptatem tenetur facere esse dolorum doloribus velit et. Sed repellat repellendus saepe aliquam accusantium. Quasi consequatur explicabo tenetur eum error vel fugiat.', 3, '2020-11-09 00:22:22', '2020-11-09 00:22:22'),
(101, 37, 'Desmond Rosenbaum', 'Consequatur a nesciunt est provident et placeat consectetur. Laborum quia sit est neque quidem eum ipsum. A consequatur quia rerum fugiat.', 1, '2020-11-09 00:22:22', '2020-11-09 00:22:22'),
(102, 42, 'Yasmeen Kirlin', 'Rerum voluptatem consequuntur et facilis consectetur excepturi delectus vel. Id magnam itaque exercitationem quis sunt illum nihil quia.', 5, '2020-11-09 00:22:22', '2020-11-09 00:22:22'),
(103, 96, 'Yasmeen Reynolds II', 'Nesciunt et quisquam et dicta. Iste officiis dolores eius iste amet laborum quasi consequuntur. Voluptate rerum ducimus ex vitae nobis.', 2, '2020-11-09 00:22:22', '2020-11-09 00:22:22'),
(104, 97, 'Dr. Marcelino Ledner', 'Autem atque ipsam possimus ducimus enim. Dolorem sed accusantium vel eligendi. Omnis quasi saepe eius eos. Numquam placeat quibusdam et velit voluptas expedita dolorum.', 5, '2020-11-09 00:22:22', '2020-11-09 00:22:22'),
(105, 91, 'Jamir Nienow', 'Eos voluptatum libero labore. Id animi sint et ipsum incidunt ipsam recusandae commodi. Harum repellendus architecto iste qui unde velit. Dolore voluptas sit exercitationem autem quia autem porro.', 4, '2020-11-09 00:22:22', '2020-11-09 00:22:22'),
(106, 41, 'Pedro Will II', 'Dolore voluptate quasi velit quidem. Architecto perferendis quam at eaque ratione odio. Fugiat quas voluptatibus magnam iusto architecto accusantium quo tempora. Necessitatibus et natus suscipit odit tempore recusandae sit.', 1, '2020-11-09 00:22:22', '2020-11-09 00:22:22'),
(107, 88, 'Johnnie Schuppe', 'Numquam qui accusamus voluptates qui. Dicta ipsum fugit aut excepturi ea modi voluptatem. Recusandae eius fugiat molestiae qui alias. Exercitationem libero qui quia.', 4, '2020-11-09 00:22:22', '2020-11-09 00:22:22'),
(108, 54, 'Prof. Friedrich Ferry', 'Sit dolorum reprehenderit unde quis reprehenderit. Dolorum expedita perspiciatis quo maxime autem. Voluptas eaque ipsam cum fugiat cumque. Perspiciatis consequatur voluptatum inventore dolor non libero dicta.', 3, '2020-11-09 00:22:22', '2020-11-09 00:22:22'),
(109, 14, 'Nash Borer', 'Et eaque dolorum omnis hic sed cum. Unde non soluta nam id consequuntur. Doloribus et hic earum explicabo doloribus dolorum.', 4, '2020-11-09 00:22:22', '2020-11-09 00:22:22'),
(110, 8, 'Miss Enola Casper IV', 'Vitae unde eum explicabo. Magnam veritatis molestiae id soluta. Aliquid vitae omnis ullam voluptatem consequuntur quae. Animi dolorem vel in quia omnis dolor.', 5, '2020-11-09 00:22:22', '2020-11-09 00:22:22'),
(111, 18, 'Kianna Lindgren', 'Eos veniam ratione ipsam rerum. Ipsa unde nam et aut facilis dolorem. Veniam cum delectus aliquam voluptates voluptatem sint autem. Itaque dolores esse perspiciatis neque iusto quas.', 1, '2020-11-09 00:22:22', '2020-11-09 00:22:22'),
(112, 89, 'Brennon Mitchell', 'Consectetur ex ea rerum exercitationem ut. Numquam doloremque eum dolorum culpa quod consequatur libero. Suscipit est qui quia dolore suscipit debitis.', 2, '2020-11-09 00:22:22', '2020-11-09 00:22:22'),
(113, 72, 'Clemmie Harris V', 'Id deserunt distinctio voluptates quibusdam explicabo quis consectetur praesentium. Nesciunt eaque et delectus culpa et omnis voluptatem architecto. Commodi iusto assumenda accusamus molestias ut quidem quam. Tenetur velit laborum eos consequuntur officia eos dolor modi.', 4, '2020-11-09 00:22:22', '2020-11-09 00:22:22'),
(114, 65, 'Dejon Tromp', 'Assumenda sed sit rerum aut dolore quam quisquam cupiditate. Eum enim sunt sed molestiae impedit consectetur eum explicabo. Consectetur eos porro unde corporis vel odit. Eaque consequatur temporibus iste harum qui dolor ea. Eum tempore nulla tempora ducimus voluptatem nisi sed.', 0, '2020-11-09 00:22:22', '2020-11-09 00:22:22'),
(115, 2, 'Ashtyn Deckow', 'Et autem quis ducimus repellat. Alias perferendis illo voluptates aut necessitatibus. Odio totam illo sint.', 1, '2020-11-09 00:22:22', '2020-11-09 00:22:22'),
(116, 47, 'Asa Mills', 'Labore voluptas voluptatibus explicabo aut quia. Molestiae officiis quae aliquid doloremque recusandae asperiores.', 3, '2020-11-09 00:22:22', '2020-11-09 00:22:22'),
(117, 55, 'Jackie Maggio II', 'Quas necessitatibus inventore dolore tempora. Rerum repellendus quod voluptas quaerat iusto in error. Voluptas officia quis quis optio.', 3, '2020-11-09 00:22:22', '2020-11-09 00:22:22'),
(118, 37, 'Eliezer Fritsch', 'Et sint nesciunt deleniti est. Repellendus in reprehenderit illum et reprehenderit non quas.', 5, '2020-11-09 00:22:22', '2020-11-09 00:22:22'),
(119, 81, 'Dr. Gilbert Braun', 'Est consectetur itaque error tempore pariatur vero accusamus. Saepe et dolor molestias voluptates eaque hic. Dolorem natus ut voluptatum a eos saepe minus. Debitis eveniet iure rem quo ut aut et odio.', 3, '2020-11-09 00:22:22', '2020-11-09 00:22:22'),
(120, 31, 'Prof. Liliana Beahan PhD', 'Ea quia dolor suscipit. Eum ipsa porro placeat. Illo aut inventore cum vitae ea deserunt. Harum dolorum rerum cum voluptas quam.', 1, '2020-11-09 00:22:22', '2020-11-09 00:22:22'),
(121, 42, 'Ms. Tyra Wehner', 'Commodi qui eum cumque nostrum. Nihil ab hic enim architecto. Commodi harum sit laborum iusto reprehenderit aut. Fuga minus tempora commodi possimus dolores ullam.', 2, '2020-11-09 00:22:22', '2020-11-09 00:22:22'),
(122, 57, 'Giovanni Reynolds', 'Modi natus illo praesentium ut sed. Aut deleniti nihil inventore ab omnis. Et ut alias natus natus sit.', 2, '2020-11-09 00:22:22', '2020-11-09 00:22:22'),
(123, 87, 'Kim Morar', 'Nihil at praesentium quia sunt. Ullam laudantium consectetur non et dolores et. Et doloremque sunt et et exercitationem.', 5, '2020-11-09 00:22:22', '2020-11-09 00:22:22'),
(124, 78, 'Lorena Yundt', 'Ut ut excepturi et corrupti consectetur. Nobis consectetur sed at pariatur eligendi eum. Et est animi accusamus necessitatibus. Necessitatibus nobis nam voluptatem debitis dolore eum mollitia.', 2, '2020-11-09 00:22:22', '2020-11-09 00:22:22'),
(125, 64, 'Jacynthe Mayer', 'Dicta dolorem veniam aut voluptatibus natus quod. Non nesciunt tempora ex ut commodi. Voluptate fugit aut eum itaque.', 5, '2020-11-09 00:22:22', '2020-11-09 00:22:22'),
(126, 1, 'Laila Roob Jr.', 'Unde nesciunt doloremque perferendis qui dolores. Et explicabo ea voluptas possimus et. Ut magnam quas laborum atque. Autem similique nisi atque ipsa.', 1, '2020-11-09 00:22:22', '2020-11-09 00:22:22'),
(127, 6, 'Boris Lemke', 'Minus velit ducimus ipsam atque saepe blanditiis facere. Et repudiandae molestias praesentium adipisci consequatur. Voluptatem magni et modi dolorum.', 5, '2020-11-09 00:22:22', '2020-11-09 00:22:22'),
(128, 66, 'Kailee Cartwright', 'Repudiandae quis aspernatur ut dolorem maiores. Et et earum quasi nisi iure quae. Nam sapiente id in.', 5, '2020-11-09 00:22:22', '2020-11-09 00:22:22'),
(129, 58, 'Kaia Robel III', 'Est nihil placeat et numquam ex voluptates. Vero consequatur ab quia et dolores repellat. Rerum laborum quod enim quas et voluptates sit. Provident cupiditate accusantium dicta veniam libero.', 5, '2020-11-09 00:22:22', '2020-11-09 00:22:22'),
(130, 14, 'Oscar Shanahan', 'Nisi in et qui ut aut quia deleniti aut. Placeat quia quis culpa mollitia pariatur. Et neque aut iure odio. Amet aliquam architecto est distinctio porro repellendus. Officiis quo doloribus ad impedit et.', 3, '2020-11-09 00:22:22', '2020-11-09 00:22:22'),
(131, 5, 'Carlos Runte I', 'Tempora atque id numquam placeat minima. Odio nemo perspiciatis placeat consequatur. Quam adipisci culpa quod nobis. Sapiente iure omnis hic sequi eos accusamus.', 2, '2020-11-09 00:22:22', '2020-11-09 00:22:22'),
(132, 94, 'Prof. Felipa Yundt III', 'Ex alias voluptate voluptatem ratione dolores. Consequuntur nesciunt quibusdam eum repudiandae eos cumque.', 3, '2020-11-09 00:22:22', '2020-11-09 00:22:22'),
(133, 4, 'Katelin Pacocha II', 'Et vitae incidunt asperiores iusto. In beatae repellendus non quae voluptatum excepturi exercitationem. Maiores accusamus dolorem a id voluptate officiis magnam. Et hic nesciunt aspernatur unde ullam.', 4, '2020-11-09 00:22:22', '2020-11-09 00:22:22'),
(134, 2, 'Jerel Gibson', 'Sit ut quasi est consequatur omnis accusamus natus. Et voluptate quae officiis quaerat. Et sed explicabo repellendus omnis. Qui laboriosam exercitationem omnis id sint.', 3, '2020-11-09 00:22:22', '2020-11-09 00:22:22'),
(135, 69, 'Sheila Welch', 'Sit voluptate est tenetur et autem enim. Omnis doloremque rem beatae reprehenderit ut. Consequatur aut eos qui. Fuga quas sit aut aut quae.', 0, '2020-11-09 00:22:22', '2020-11-09 00:22:22'),
(136, 48, 'Hiram Beahan', 'Ut inventore sit quam dolorum et. Animi maiores ut distinctio et totam qui autem accusantium. Non illo officia est repudiandae rem ut eaque doloremque. Blanditiis hic repellendus molestias incidunt voluptatem.', 4, '2020-11-09 00:22:22', '2020-11-09 00:22:22'),
(137, 87, 'Dr. Bernita Hackett', 'Nam sapiente sint quis aut molestiae asperiores quidem. Distinctio nobis enim laboriosam voluptas ipsa impedit sed. Asperiores blanditiis asperiores id odit numquam at.', 4, '2020-11-09 00:22:22', '2020-11-09 00:22:22'),
(138, 46, 'Vickie Wuckert', 'Velit qui recusandae quas porro suscipit qui occaecati. Exercitationem rerum dicta voluptatem corrupti tempora. Esse accusamus optio velit architecto et quaerat minima. Excepturi dolor accusantium a esse deleniti.', 2, '2020-11-09 00:22:22', '2020-11-09 00:22:22'),
(139, 96, 'Mr. Marcelino Jacobson Sr.', 'Reprehenderit veniam voluptate deserunt voluptatem est a. Nisi accusantium voluptas consectetur atque sequi quis accusantium. Velit occaecati nulla quaerat quia eveniet qui tempora numquam.', 2, '2020-11-09 00:22:22', '2020-11-09 00:22:22'),
(140, 80, 'Kariane Botsford', 'Ut possimus nobis est atque animi excepturi velit minus. Unde praesentium perferendis recusandae facere. Alias amet distinctio autem reprehenderit in. Et incidunt sed reprehenderit quos fugiat aliquid est. Dolore sed assumenda pariatur molestias et reiciendis unde.', 2, '2020-11-09 00:22:22', '2020-11-09 00:22:22'),
(141, 93, 'Amir Howell Sr.', 'Sint tempore accusantium placeat ut nulla molestias. Eligendi facilis eum ipsum iusto. Fugiat distinctio adipisci alias laboriosam cupiditate officia.', 2, '2020-11-09 00:22:22', '2020-11-09 00:22:22'),
(142, 42, 'Eudora Greenfelder V', 'Quis pariatur quae qui nam aperiam aliquam. Sed dolores et molestiae adipisci atque dolores. Et natus ratione nostrum cum. Amet deleniti quos rerum consectetur doloremque tenetur.', 0, '2020-11-09 00:22:22', '2020-11-09 00:22:22'),
(143, 81, 'Ms. Nikita Breitenberg', 'Distinctio quo id et in dicta. Quo sunt quia sit qui enim consequatur adipisci. Libero vitae et reiciendis nihil odio nemo praesentium.', 1, '2020-11-09 00:22:22', '2020-11-09 00:22:22'),
(144, 84, 'Margie Goyette I', 'Ut voluptas sunt non veritatis harum est aut. Nihil voluptates magnam ipsum. Omnis saepe dolor vel adipisci.', 2, '2020-11-09 00:22:22', '2020-11-09 00:22:22'),
(145, 41, 'Zena Medhurst', 'Corporis dignissimos eum consequatur laborum ipsam placeat impedit. In iusto consectetur sed et tempora fugiat. Dolores ea molestias natus sit est aspernatur occaecati. Aut assumenda dolorem quia. Rerum placeat explicabo vero consequatur.', 4, '2020-11-09 00:22:22', '2020-11-09 00:22:22'),
(146, 25, 'Mr. Mario Collier DVM', 'Autem amet eligendi eos tenetur. Ex molestiae voluptates quia officiis ducimus. Doloremque natus veniam saepe est laudantium nihil. Aperiam incidunt veritatis illum aspernatur.', 1, '2020-11-09 00:22:22', '2020-11-09 00:22:22'),
(147, 31, 'Ernestina Hessel', 'Distinctio nemo at hic. Et illum nostrum explicabo odio inventore velit. Officiis commodi eum dicta sit exercitationem omnis eveniet.', 1, '2020-11-09 00:22:22', '2020-11-09 00:22:22'),
(148, 73, 'Kaylee Botsford', 'Tenetur eum praesentium in est repellendus sint est. Facere expedita sequi sed deserunt. Et cumque omnis eos rem rem illo.', 0, '2020-11-09 00:22:22', '2020-11-09 00:22:22'),
(149, 4, 'Ms. Krista Pfannerstill IV', 'Magnam ad vel cumque debitis quia et velit. Aut et neque expedita libero dignissimos omnis in. Voluptas vel sed corporis consequatur sit. Consequatur sapiente voluptas minus.', 2, '2020-11-09 00:22:22', '2020-11-09 00:22:22'),
(150, 81, 'Minerva Schinner', 'Error repellat praesentium excepturi consequatur. Voluptatem sint quo commodi accusamus veritatis. Quis qui ut veritatis at. Velit nemo quis similique est dolorem possimus.', 5, '2020-11-09 00:22:22', '2020-11-09 00:22:22'),
(151, 78, 'Daphne Zemlak II', 'Rerum dolorem soluta mollitia qui. In nobis voluptatibus vel.', 3, '2020-11-09 00:22:22', '2020-11-09 00:22:22'),
(152, 93, 'Eloise Hintz', 'Perspiciatis animi quidem numquam quasi aliquid rerum cupiditate et. Earum sit quaerat et voluptatem est est voluptatem. Quibusdam saepe minima possimus.', 5, '2020-11-09 00:22:22', '2020-11-09 00:22:22'),
(153, 61, 'Jaylon Schneider', 'Blanditiis cupiditate et quo aut dignissimos. Ut ratione rerum non quam et quia. Molestias dolore laboriosam maxime asperiores in sit. Quam illum animi ut odit soluta mollitia.', 3, '2020-11-09 00:22:22', '2020-11-09 00:22:22'),
(154, 40, 'Carmel Beahan', 'Vero itaque distinctio aut nulla et nihil perferendis. Harum est sunt dolores velit qui omnis consequatur. Praesentium autem aut omnis sit repellat.', 3, '2020-11-09 00:22:22', '2020-11-09 00:22:22'),
(155, 79, 'Emelia Larson IV', 'Quas et quidem qui eum aliquid cumque ut. Architecto provident officiis ipsa est voluptas. Officia possimus suscipit voluptatibus deserunt sed vitae blanditiis. Nihil voluptatibus rerum ad quasi.', 3, '2020-11-09 00:22:22', '2020-11-09 00:22:22'),
(156, 71, 'Mr. Gerardo Bartoletti', 'Rerum tempora voluptatem exercitationem provident quo. Molestias quisquam quis vel consequatur nihil nobis.', 3, '2020-11-09 00:22:22', '2020-11-09 00:22:22'),
(157, 98, 'Bonnie Toy', 'Quia nihil consequatur est aperiam. Maxime accusantium expedita quia ut quisquam placeat debitis. Aut sit et aut laudantium recusandae quos. Officia voluptates molestiae blanditiis ut.', 3, '2020-11-09 00:22:22', '2020-11-09 00:22:22'),
(158, 62, 'Ms. Zoila Weimann', 'Veniam corrupti dignissimos odit ratione. Voluptatem consequatur aut rerum ullam amet minima nisi iure. Totam quo voluptatem fugiat.', 4, '2020-11-09 00:22:22', '2020-11-09 00:22:22'),
(159, 88, 'Dorothy Zboncak', 'Porro nisi voluptatibus nobis rem. Nobis nam occaecati nam numquam iste vero architecto. Blanditiis hic nemo quod quam. Dicta consequuntur provident iste.', 5, '2020-11-09 00:22:22', '2020-11-09 00:22:22'),
(160, 39, 'Obie Hayes', 'Iusto ut doloribus deleniti necessitatibus tempora consequatur voluptatibus doloribus. Magnam id et id autem quisquam et ipsum. Consectetur dicta odio ea excepturi. Reprehenderit est et dolorum possimus tempore fugit eius nobis. Vel at repellat laudantium quisquam adipisci corrupti magnam.', 4, '2020-11-09 00:22:22', '2020-11-09 00:22:22'),
(161, 10, 'Mrs. Leonie Gulgowski', 'Et rerum magni odio dolores vitae ipsam qui. Qui odio natus illo corporis tempora ipsam quaerat et. Aperiam iusto impedit eligendi iure perspiciatis optio. Vero vero architecto mollitia molestiae perferendis inventore libero.', 4, '2020-11-09 00:22:22', '2020-11-09 00:22:22'),
(162, 87, 'Jonathan Erdman', 'Iste explicabo exercitationem voluptas possimus est repellendus id nihil. Earum dolorem ad laudantium nihil hic earum corrupti.', 3, '2020-11-09 00:22:22', '2020-11-09 00:22:22'),
(163, 47, 'Sammie Fritsch', 'Iure itaque non reprehenderit libero. Cum autem assumenda culpa. Sed commodi maiores laborum sed sunt voluptatibus qui asperiores. Enim odio inventore sint sint veritatis et.', 3, '2020-11-09 00:22:22', '2020-11-09 00:22:22'),
(164, 35, 'Dave Osinski Jr.', 'In laborum qui voluptate. Ad modi esse similique eligendi expedita iure provident. Doloremque earum rerum qui ex. Dolorum corporis voluptatem impedit illo velit impedit.', 4, '2020-11-09 00:22:22', '2020-11-09 00:22:22'),
(165, 19, 'Monique Kuvalis', 'Consectetur officiis soluta beatae ab. Facilis est ut id suscipit aut tempore. Dolorem velit sed doloremque ipsum quos. Non laboriosam sit sed aut suscipit.', 4, '2020-11-09 00:22:22', '2020-11-09 00:22:22'),
(166, 13, 'Prof. Freda Gulgowski DDS', 'Dolores molestiae officiis vel expedita id praesentium. Sapiente architecto recusandae perferendis ullam iure architecto dolore sunt. Omnis ut quo culpa quis et officiis a qui. Asperiores ullam perferendis aliquam facilis.', 2, '2020-11-09 00:22:22', '2020-11-09 00:22:22'),
(167, 83, 'Grant Franecki', 'Fuga quas exercitationem dolores vero ut repellendus et. Accusantium saepe sapiente reprehenderit asperiores ad. Dolores nihil quos ex dignissimos. Explicabo est eos numquam magni sequi.', 3, '2020-11-09 00:22:22', '2020-11-09 00:22:22'),
(168, 56, 'Esteban Leuschke III', 'Itaque corporis maxime minima consequuntur qui. Natus optio est cumque cumque ratione et rem. Mollitia corrupti pariatur deserunt dolorum modi iste. Eaque in velit deleniti sunt.', 4, '2020-11-09 00:22:22', '2020-11-09 00:22:22'),
(169, 14, 'Cynthia Gutkowski', 'At totam sint nesciunt et eaque. Cupiditate eligendi ea a. Officiis aliquid atque consectetur tempora et dolorem hic. Explicabo quisquam vero culpa distinctio et delectus maiores.', 4, '2020-11-09 00:22:22', '2020-11-09 00:22:22'),
(170, 11, 'Kyle Lubowitz', 'Omnis quia totam ipsa aut. Dolor et dolorum vel earum. Nulla possimus expedita et dolores ut consectetur tenetur. Vero sint maxime voluptatem.', 4, '2020-11-09 00:22:22', '2020-11-09 00:22:22'),
(171, 68, 'Juston Hoppe', 'Neque rerum nihil laudantium a ea blanditiis. Deleniti sit blanditiis et quasi debitis. Ducimus numquam molestias et ipsum voluptatem minima.', 3, '2020-11-09 00:22:22', '2020-11-09 00:22:22'),
(172, 32, 'Fleta Green V', 'Veniam voluptates eum omnis est. Nam dolorum eos repellendus sequi. Sit quidem dolores praesentium nihil minima sequi consequatur. Qui quidem eos sequi accusantium.', 2, '2020-11-09 00:22:22', '2020-11-09 00:22:22'),
(173, 90, 'Prof. Madisyn Kiehn DVM', 'Molestiae et illo est fugit rerum porro minus. Consequatur fugit dolorem ut omnis nam. Consequatur corrupti voluptate pariatur. Iusto animi odit non atque.', 4, '2020-11-09 00:22:22', '2020-11-09 00:22:22'),
(174, 43, 'Mr. Juvenal Anderson Jr.', 'Eos velit autem iure laboriosam dolorem voluptatem sed. Neque aut porro voluptates qui. Ullam occaecati consectetur quasi occaecati quaerat est cupiditate. Dicta possimus sunt ut rerum nisi voluptas.', 5, '2020-11-09 00:22:22', '2020-11-09 00:22:22'),
(175, 59, 'Emie Mitchell', 'Excepturi vero earum distinctio et voluptatem. Maxime optio qui fugit. Et est velit voluptatem veniam eos dolorem ipsum.', 2, '2020-11-09 00:22:22', '2020-11-09 00:22:22'),
(176, 39, 'Arnoldo Terry', 'Quae rerum ex ipsum porro quas aut a. Ratione ea eum aut ad illum quos. Natus reprehenderit quas doloremque rerum dolor distinctio.', 1, '2020-11-09 00:22:22', '2020-11-09 00:22:22'),
(177, 35, 'Pedro Klocko', 'Enim perspiciatis expedita est laudantium provident in repellat. Sed in quidem consequatur omnis odit eligendi. Soluta hic temporibus deleniti tempora cumque expedita velit quia. Rerum accusantium atque eum voluptatibus quasi voluptatem ut.', 5, '2020-11-09 00:22:22', '2020-11-09 00:22:22'),
(178, 9, 'Gussie Stehr', 'Officia sed alias rerum aut est iusto. Magni odit eum ex impedit. Autem sint incidunt molestiae ut.', 0, '2020-11-09 00:22:22', '2020-11-09 00:22:22'),
(179, 41, 'Kristin Hoeger DDS', 'Distinctio praesentium aliquam eos ullam fugiat voluptatem eos maiores. Qui a illum eius eveniet iste est autem.', 5, '2020-11-09 00:22:22', '2020-11-09 00:22:22'),
(180, 67, 'Prof. Archibald Dach', 'Ut doloribus ab consequatur. Minus pariatur consequatur dolores eveniet deleniti. Doloribus voluptatem non et iusto labore. Voluptatem qui dolor nulla quis eum fugit dolorem exercitationem.', 0, '2020-11-09 00:22:22', '2020-11-09 00:22:22'),
(181, 10, 'Laney Schultz', 'Molestiae voluptatem illo atque animi dicta rerum. Ipsa repellat beatae nihil quia ipsam inventore pariatur. Ad blanditiis inventore quis eaque aspernatur enim non.', 1, '2020-11-09 00:22:22', '2020-11-09 00:22:22'),
(182, 16, 'Prof. Sterling Pfeffer', 'Nobis unde illum aut omnis cupiditate repellat est. Et vitae possimus ut vitae est ex molestiae a. Beatae laboriosam ut quia illo.', 2, '2020-11-09 00:22:22', '2020-11-09 00:22:22'),
(183, 11, 'Abbey Murray', 'Est ea et asperiores laboriosam magni sint quia necessitatibus. Autem dicta eligendi necessitatibus et. Accusantium sit nihil soluta ipsum modi aut cupiditate. Nisi a delectus et.', 5, '2020-11-09 00:22:22', '2020-11-09 00:22:22'),
(184, 41, 'Blake Bechtelar', 'Porro iure incidunt laudantium et et deserunt omnis voluptas. Quas dignissimos consequatur omnis impedit consequatur iusto quam. Et totam numquam et veritatis cumque.', 3, '2020-11-09 00:22:22', '2020-11-09 00:22:22'),
(185, 77, 'Aisha O\'Keefe', 'Esse et neque non est quis. Natus perspiciatis qui quia rerum commodi. Et incidunt vitae numquam voluptatibus quo qui in.', 2, '2020-11-09 00:22:22', '2020-11-09 00:22:22'),
(186, 28, 'Willy Prohaska', 'Porro cum et animi aliquid nemo. Dolores nostrum vitae perspiciatis ea ipsa ea. Vel et eius unde blanditiis.', 1, '2020-11-09 00:22:22', '2020-11-09 00:22:22'),
(187, 53, 'Lori Russel', 'Quis esse eius porro voluptas corrupti nemo sit. Omnis nisi vitae quibusdam atque dolorem dolores mollitia sunt. Asperiores et aut dolorem nemo non. Quo unde aut vitae sit saepe.', 3, '2020-11-09 00:22:22', '2020-11-09 00:22:22'),
(188, 26, 'Reed Hagenes', 'Ullam ipsa unde quibusdam repudiandae quaerat cupiditate. Hic animi inventore aliquid hic. Nihil quia animi ipsam et debitis.', 0, '2020-11-09 00:22:22', '2020-11-09 00:22:22'),
(189, 3, 'Diego Collier', 'Laboriosam architecto omnis ducimus voluptatibus et. Maxime placeat ea illo et ut sapiente. Numquam et iusto eos.', 4, '2020-11-09 00:22:22', '2020-11-09 00:22:22'),
(190, 92, 'Camilla Schuppe III', 'Beatae repellendus dolor nihil culpa sit ipsum officiis. Eius voluptatibus sunt rem odit aut corrupti. Corrupti ea ut fuga dolorem. Dolor sint aperiam deserunt similique.', 2, '2020-11-09 00:22:22', '2020-11-09 00:22:22'),
(191, 24, 'Gilda Carroll', 'Mollitia facilis neque cumque sequi et vero voluptatum. Eum enim in ea molestias minus est deleniti. Rerum rerum itaque cum non facere.', 2, '2020-11-09 00:22:22', '2020-11-09 00:22:22'),
(192, 90, 'Dr. Geraldine Aufderhar', 'Nemo perferendis aut optio. Dolorem ea quod et. Dolorum doloremque consequatur fuga vel quod. Ipsum ut qui et ullam doloremque natus fugit.', 0, '2020-11-09 00:22:22', '2020-11-09 00:22:22'),
(193, 1, 'Prof. Allen Powlowski', 'Atque aliquam incidunt necessitatibus ut quod possimus natus id. Quisquam dolores ea ut reiciendis sit.', 5, '2020-11-09 00:22:22', '2020-11-09 00:22:22'),
(194, 49, 'Dr. Jackie Orn', 'Reiciendis asperiores nobis similique est est voluptatibus sunt. Sapiente eaque dolor dignissimos qui quod quam. Aut dolorum fuga sed id. Aspernatur reiciendis impedit ut quia id mollitia.', 1, '2020-11-09 00:22:22', '2020-11-09 00:22:22'),
(195, 48, 'Carmella Wyman', 'Quos alias sed sed quo cumque excepturi repudiandae. Eos quaerat maxime quia nemo in. Saepe in voluptatum rerum illo aut voluptas odio sit. Ipsa eum commodi et cum.', 3, '2020-11-09 00:22:22', '2020-11-09 00:22:22'),
(196, 13, 'Dr. Elroy Lynch', 'Ut tempora facere similique. Eius beatae et voluptatibus porro dolorem. Neque aliquid in praesentium qui.', 2, '2020-11-09 00:22:22', '2020-11-09 00:22:22'),
(197, 35, 'Miss Rosetta Schiller', 'Sed rem illo quaerat ut sed nam. Ipsa aut sit culpa non suscipit qui. Repellat neque perspiciatis et sed quos et.', 0, '2020-11-09 00:22:22', '2020-11-09 00:22:22'),
(198, 46, 'Julia Stanton III', 'Voluptas non officiis ut accusantium voluptatem. Fugit ut ipsum voluptas possimus quia dolores quia. Ex eos deleniti adipisci et.', 1, '2020-11-09 00:22:22', '2020-11-09 00:22:22'),
(199, 91, 'Dr. Judd Torp', 'Omnis officiis sit itaque et. Aperiam error doloribus suscipit. Soluta fugiat quasi aut rerum odio tenetur. Nihil rerum velit cum inventore saepe voluptates aut.', 2, '2020-11-09 00:22:22', '2020-11-09 00:22:22'),
(200, 79, 'Mallory Huels', 'Nisi excepturi commodi nemo perspiciatis fuga. Laudantium quis perspiciatis blanditiis voluptatem. Dolorem ut fugiat qui quam aut commodi.', 4, '2020-11-09 00:22:22', '2020-11-09 00:22:22'),
(201, 44, 'Prof. Golden Bogisich', 'Vel sed doloribus odio id tempore. Eligendi vel est sunt earum sunt voluptate unde. Omnis quibusdam inventore qui.', 0, '2020-11-09 00:22:22', '2020-11-09 00:22:22'),
(202, 26, 'Dr. Una Roberts I', 'Sunt debitis sed vitae voluptatum. Mollitia ut et sit expedita in perferendis porro. Amet eligendi dolores odio ab non nihil blanditiis occaecati.', 2, '2020-11-09 00:22:22', '2020-11-09 00:22:22'),
(203, 32, 'Stevie Bode', 'Ratione neque necessitatibus et dolores repellendus aliquid quia. Dolorem quia velit quaerat perspiciatis delectus. Asperiores non nesciunt quia aut aliquid maiores. Minus corrupti est rerum corporis est occaecati.', 4, '2020-11-09 00:22:22', '2020-11-09 00:22:22'),
(204, 81, 'Jesse Reinger', 'Ut eos itaque saepe omnis. Qui mollitia dolorem maxime praesentium ut repellat assumenda. Rerum repellendus et suscipit. Molestias nesciunt dolor dolore quo est magni voluptate.', 3, '2020-11-09 00:22:22', '2020-11-09 00:22:22'),
(205, 28, 'Patrick Johns', 'Iure et eligendi quia quam et voluptatem. Nobis rerum ipsam quis nihil dignissimos quia error. Aut magni et sed. Officia eum voluptates alias.', 0, '2020-11-09 00:22:22', '2020-11-09 00:22:22'),
(206, 60, 'Ms. Herta Mayert', 'Facere sunt reprehenderit dolores tempore libero quia. Est quia laborum qui voluptates exercitationem earum. Commodi quia aut quam nemo tenetur esse consectetur.', 5, '2020-11-09 00:22:22', '2020-11-09 00:22:22'),
(207, 11, 'Eladio Breitenberg', 'Doloribus omnis cupiditate placeat doloribus illum neque beatae. Eos nemo corrupti rerum id libero quisquam. Nostrum ratione voluptates inventore molestiae commodi accusamus.', 1, '2020-11-09 00:22:22', '2020-11-09 00:22:22'),
(208, 7, 'Henriette Kirlin', 'Corporis soluta itaque et voluptatibus officiis magnam. Sit voluptatibus odio harum et dolorem eos. Vel excepturi autem cumque nam commodi quo molestias. Harum blanditiis quis distinctio expedita modi. Voluptas voluptas facere et optio voluptas.', 3, '2020-11-09 00:22:22', '2020-11-09 00:22:22'),
(209, 56, 'Ms. Oma Littel III', 'Pariatur in quia explicabo. Dignissimos qui aliquam hic et doloribus voluptas. Repellendus est veritatis est recusandae vero. Ea est velit omnis molestiae sed molestiae molestiae consequuntur. Provident et voluptates voluptatum sed corporis et suscipit.', 4, '2020-11-09 00:22:22', '2020-11-09 00:22:22');
INSERT INTO `reviews` (`id`, `product_id`, `customer`, `review`, `star`, `created_at`, `updated_at`) VALUES
(210, 39, 'Gunnar Will', 'Quis fugiat sapiente recusandae aut. Officia numquam deserunt qui dolor cum excepturi consectetur maiores. Hic hic omnis debitis dolore aliquid. Quia consequuntur quidem quia velit quasi est vel.', 2, '2020-11-09 00:22:22', '2020-11-09 00:22:22'),
(211, 31, 'Dr. Madelynn Lubowitz IV', 'Ullam consequatur earum magni voluptatum nemo accusantium voluptatem voluptatum. Deserunt et commodi fugit doloribus. Officia mollitia tenetur earum. Officiis blanditiis cum aut qui dolore aut.', 3, '2020-11-09 00:22:22', '2020-11-09 00:22:22'),
(212, 38, 'Penelope Prohaska', 'Omnis distinctio cum ut tempore autem culpa soluta. Velit at adipisci totam neque. Vel repellendus omnis nobis dignissimos. Rerum dolores quod odio commodi velit doloremque et.', 1, '2020-11-09 00:22:22', '2020-11-09 00:22:22'),
(213, 43, 'Reece Tromp', 'Aperiam repellendus minus quia laboriosam minus ipsam officia. Atque fuga temporibus nemo omnis ullam pariatur. Laborum optio excepturi laboriosam sit enim reiciendis.', 3, '2020-11-09 00:22:22', '2020-11-09 00:22:22'),
(214, 15, 'Clare Dare', 'Est temporibus vero voluptas minima. Nihil ipsum ipsa sunt et mollitia. Molestiae voluptas itaque deserunt voluptatem natus ut aut. Sapiente libero consequatur nesciunt.', 5, '2020-11-09 00:22:22', '2020-11-09 00:22:22'),
(215, 68, 'Eryn Batz', 'Autem in totam blanditiis exercitationem eos. Aut enim qui sint vel dolorem voluptatem nisi. Beatae praesentium et iure.', 4, '2020-11-09 00:22:22', '2020-11-09 00:22:22'),
(216, 44, 'Cassie O\'Conner', 'Qui quisquam eum aperiam numquam. Non quis temporibus quia rerum possimus non. Molestiae eveniet eligendi recusandae recusandae consequatur voluptatibus.', 0, '2020-11-09 00:22:22', '2020-11-09 00:22:22'),
(217, 93, 'Dr. Alden Champlin', 'Quasi culpa unde aperiam sint et vitae culpa. Sit labore veniam adipisci et quia ea. Suscipit quasi iure sit quidem. Aliquid iste consequatur temporibus qui.', 4, '2020-11-09 00:22:22', '2020-11-09 00:22:22'),
(218, 62, 'Israel Dicki', 'Eius voluptatem sapiente explicabo sequi nemo. Sint eum ipsum esse quibusdam. Distinctio sunt consectetur reprehenderit voluptatum ut sed. Ut consequatur voluptas consequatur.', 2, '2020-11-09 00:22:22', '2020-11-09 00:22:22'),
(219, 87, 'Dedrick Rohan', 'Porro culpa exercitationem est. Porro beatae et suscipit aliquam sit natus sit. Quia at ex nisi. Repellendus ut error a est.', 1, '2020-11-09 00:22:22', '2020-11-09 00:22:22'),
(220, 59, 'Rachelle Kuhic PhD', 'Magnam quia repellat amet similique fuga quos. Dolorem consequatur ut eaque facilis vel et. Commodi soluta possimus sed quo. Molestiae quos placeat magni perspiciatis repudiandae laudantium.', 0, '2020-11-09 00:22:22', '2020-11-09 00:22:22'),
(221, 66, 'Ms. Raina Romaguera', 'Modi consequatur doloremque perspiciatis. Deleniti ipsa dolorem est rerum. Officiis pariatur fuga reprehenderit debitis iste.', 3, '2020-11-09 00:22:22', '2020-11-09 00:22:22'),
(222, 17, 'Coy Botsford', 'Sunt rerum molestias voluptate. Laboriosam ipsum adipisci accusamus repellendus alias quia aperiam. Possimus totam odio et dolore. Maiores et perferendis qui accusamus libero minus mollitia. Nostrum at eaque necessitatibus.', 3, '2020-11-09 00:22:22', '2020-11-09 00:22:22'),
(223, 30, 'Tiana O\'Keefe', 'Expedita voluptas aut optio sint consequatur. Eum optio aperiam quo voluptas eos et.', 5, '2020-11-09 00:22:22', '2020-11-09 00:22:22'),
(224, 55, 'Carlos Dietrich', 'Aperiam ex sunt ipsa iste sed rerum. Dignissimos unde fuga et dicta ad. Dolor quo expedita ullam eligendi molestiae saepe. Eos quia nisi doloribus corporis vel.', 4, '2020-11-09 00:22:22', '2020-11-09 00:22:22'),
(225, 11, 'Camila Lindgren', 'Sint qui quos commodi vel odio sunt tenetur. Quasi ut vel aut non aperiam hic qui. Aut quia velit placeat repellendus id. Voluptatibus eligendi rem dolorem et recusandae.', 5, '2020-11-09 00:22:22', '2020-11-09 00:22:22'),
(226, 30, 'Dr. Wilfrid Boehm', 'Blanditiis omnis maxime fuga cupiditate sed est laudantium. Earum inventore ut eius unde. Est tempora officiis id exercitationem dolorum laboriosam. Sunt earum vitae debitis est doloribus.', 4, '2020-11-09 00:22:22', '2020-11-09 00:22:22'),
(227, 50, 'Milton Ullrich', 'Sequi exercitationem quibusdam sequi illo iusto repudiandae. Porro pariatur impedit quisquam voluptatibus cupiditate animi provident. Nihil quod voluptatem nihil provident est alias ut. Ut ut voluptatum ullam eum.', 1, '2020-11-09 00:22:22', '2020-11-09 00:22:22'),
(228, 6, 'Mr. Jaylin Bechtelar Jr.', 'Incidunt placeat et explicabo molestiae molestiae. Rerum laboriosam alias assumenda ea qui ut id qui. Reiciendis sunt itaque nesciunt.', 1, '2020-11-09 00:22:22', '2020-11-09 00:22:22'),
(229, 59, 'Maryse Pagac', 'Neque error laboriosam laborum et aliquid. Alias ipsam quaerat modi amet officiis eum veniam. Et aut ipsa cum nesciunt. Ut vitae earum voluptates ipsum ad sunt praesentium et. Accusantium aspernatur assumenda praesentium occaecati perspiciatis.', 2, '2020-11-09 00:22:22', '2020-11-09 00:22:22'),
(230, 28, 'Dr. Jazmin Douglas', 'Quia ad in pariatur. Ea et veritatis nam dicta voluptates. Aut quae ut reprehenderit illo facilis.', 0, '2020-11-09 00:22:22', '2020-11-09 00:22:22'),
(231, 99, 'Mr. Dawson Spinka II', 'Sapiente non rerum asperiores rerum ad qui magnam earum. Adipisci deserunt qui nemo adipisci architecto qui quo. Quas natus ipsam consectetur expedita voluptas accusamus officia fugiat.', 2, '2020-11-09 00:22:22', '2020-11-09 00:22:22'),
(232, 44, 'Chauncey Bahringer Jr.', 'Unde ab et quas aliquam earum voluptatem et. Quos architecto molestiae libero magni molestiae veritatis ullam. Eius ipsa rem est officiis corporis. Id ut minus dolores cumque rerum.', 5, '2020-11-09 00:22:22', '2020-11-09 00:22:22'),
(233, 27, 'Julio Schuppe', 'Eius distinctio hic placeat consequatur. Laudantium eaque ducimus ipsam sed qui nisi. Voluptatem est rem vero sit officia est distinctio. Commodi eos esse similique temporibus quia animi.', 2, '2020-11-09 00:22:22', '2020-11-09 00:22:22'),
(234, 31, 'Imani Price MD', 'Esse perspiciatis cumque est. Quos dolore sunt repellat velit debitis numquam dolorem. Consequatur autem officiis et.', 4, '2020-11-09 00:22:22', '2020-11-09 00:22:22'),
(235, 84, 'Lynn Pacocha', 'Veniam quaerat quia consectetur. Quaerat debitis soluta id et et.', 1, '2020-11-09 00:22:22', '2020-11-09 00:22:22'),
(236, 40, 'Brando Robel IV', 'Voluptatem sequi quia assumenda. Sunt quo error et quo ipsa. Ut voluptatem rerum aspernatur blanditiis est autem.', 0, '2020-11-09 00:22:22', '2020-11-09 00:22:22'),
(237, 38, 'Ashlynn Doyle Sr.', 'Deleniti veniam placeat in ullam accusantium laborum ut. Id fugit veniam quia doloremque adipisci velit. Officiis inventore omnis quo.', 1, '2020-11-09 00:22:22', '2020-11-09 00:22:22'),
(238, 91, 'Wade Mann', 'Ipsa repellat cupiditate voluptates itaque quam itaque. Inventore iusto alias reprehenderit quos placeat enim vel. Assumenda itaque voluptatem quos animi dolorem accusamus corporis. Quia a aliquam nam fugit ea velit voluptatem dolorum.', 1, '2020-11-09 00:22:22', '2020-11-09 00:22:22'),
(239, 97, 'Ms. Filomena Bosco', 'Itaque eum rem est velit. Maiores eius voluptates est pariatur laudantium dolores exercitationem eum. Dolorem illum nam veniam voluptatum non qui dolor. Sed et deleniti velit quaerat id suscipit.', 0, '2020-11-09 00:22:22', '2020-11-09 00:22:22'),
(240, 49, 'Jaquelin Harris MD', 'Commodi accusantium repellat officia reprehenderit. Atque quo animi a doloribus dolor iusto.', 3, '2020-11-09 00:22:22', '2020-11-09 00:22:22'),
(241, 62, 'Tyler Schamberger', 'Amet quo aut consequuntur sunt eaque dolores. Deserunt nesciunt id qui. Iste et nemo consequatur. Dolor minima autem autem quisquam autem ut quam.', 1, '2020-11-09 00:22:22', '2020-11-09 00:22:22'),
(242, 41, 'Cassandre Braun', 'Tempora officiis ut voluptatem quia magnam dolor. Sed odio explicabo est incidunt sint.', 2, '2020-11-09 00:22:22', '2020-11-09 00:22:22'),
(243, 51, 'Prof. Mckenzie Dickens', 'Amet accusantium molestiae quo. Omnis velit est dolores nihil error. Est dicta deleniti tempore.', 1, '2020-11-09 00:22:22', '2020-11-09 00:22:22'),
(244, 47, 'Leopold Bergstrom', 'Fugit quos omnis et doloribus nulla illo magnam vitae. Repellendus in corporis nesciunt quod. Labore ut et consequatur sit non excepturi. Ipsa soluta quisquam id ducimus in sed.', 0, '2020-11-09 00:22:22', '2020-11-09 00:22:22'),
(245, 60, 'Flavio Okuneva', 'Veniam totam consequatur et deleniti est dolores consequatur exercitationem. Voluptas cupiditate ea eum suscipit dolores esse et. Libero mollitia inventore provident vel sint dolorem animi.', 3, '2020-11-09 00:22:22', '2020-11-09 00:22:22'),
(246, 2, 'Donald Hansen', 'Ratione aperiam omnis est velit voluptatem itaque. Dolorem possimus incidunt et et sed. Itaque aspernatur ut rerum ipsa.', 1, '2020-11-09 00:22:22', '2020-11-09 00:22:22'),
(247, 2, 'Mrs. Breanne Hansen', 'Quia odio nostrum et vel quis officiis officia. Neque reprehenderit dolor pariatur sequi dignissimos. Nihil ipsa repellendus ipsum officia recusandae sed occaecati. Saepe tenetur et ut ut et.', 5, '2020-11-09 00:22:22', '2020-11-09 00:22:22'),
(248, 16, 'Prof. Everett Parisian', 'Illo iure et minus aut rerum. Delectus repellendus enim officia unde vitae sit magnam. Voluptatem veniam exercitationem ut voluptatibus. Praesentium sit similique eos rerum.', 5, '2020-11-09 00:22:22', '2020-11-09 00:22:22'),
(249, 22, 'Prof. Diamond Cruickshank Sr.', 'Qui laborum delectus assumenda vel. Et consequatur nesciunt et sed.', 0, '2020-11-09 00:22:22', '2020-11-09 00:22:22'),
(250, 92, 'Mr. Lazaro Pollich', 'Ut voluptatem voluptas fugit molestias tempore dolores. Laborum voluptatem tenetur provident sint quia. Cupiditate nisi exercitationem molestiae dolore est dignissimos. Nobis et libero tempora aut architecto.', 5, '2020-11-09 00:22:22', '2020-11-09 00:22:22'),
(251, 42, 'Austyn Cartwright', 'Libero eos sed autem quibusdam eos. Aperiam quis praesentium nobis nostrum. Voluptas commodi eaque aspernatur quod esse.', 4, '2020-11-09 00:22:22', '2020-11-09 00:22:22'),
(252, 95, 'Lempi Haag', 'Quod ut tempore qui ipsa. Blanditiis itaque recusandae consequuntur recusandae dolor quaerat unde. Rem nostrum est amet esse voluptatum. Quod repellat at quisquam ex.', 5, '2020-11-09 00:22:22', '2020-11-09 00:22:22'),
(253, 76, 'Evan Shields III', 'Esse placeat porro a. Sunt rerum inventore doloremque aut. Dicta voluptate voluptas eos nulla perferendis corrupti quos libero. Voluptatem optio aperiam vel qui et.', 0, '2020-11-09 00:22:22', '2020-11-09 00:22:22'),
(254, 15, 'Amos Cummerata', 'Blanditiis iste dolore et aut. Itaque sunt dolores asperiores nihil. Non ipsam explicabo cupiditate vel. Ea ut consequatur iusto pariatur a. Velit nihil impedit id voluptas et.', 5, '2020-11-09 00:22:22', '2020-11-09 00:22:22'),
(255, 68, 'William Thiel', 'Eos itaque rerum fugiat voluptate. Necessitatibus saepe vel id repellendus quia est laborum. Et qui maxime eaque esse. Vel veritatis et quidem molestias debitis et nesciunt.', 0, '2020-11-09 00:22:22', '2020-11-09 00:22:22'),
(256, 3, 'Kory Lemke', 'Magni cum nulla dicta tenetur et quo. Beatae in reiciendis ea maxime. Cum excepturi quos delectus dolorem minima delectus temporibus. Expedita velit eum recusandae tempore molestias.', 2, '2020-11-09 00:22:22', '2020-11-09 00:22:22'),
(257, 99, 'Ivory Hahn', 'Est minus consequatur aut est laboriosam nesciunt molestiae. Officiis vitae enim doloremque aut. A ducimus voluptatem et laboriosam aperiam. Ut id corporis sit et.', 0, '2020-11-09 00:22:22', '2020-11-09 00:22:22'),
(258, 58, 'Hubert Terry', 'Molestiae et et tenetur nihil dicta enim sint. Error nemo reiciendis nulla fugiat at. Quaerat vel adipisci suscipit ut. Minima quas praesentium nihil id laboriosam consectetur.', 4, '2020-11-09 00:22:22', '2020-11-09 00:22:22'),
(259, 65, 'John Emmerich', 'Et veniam modi autem aspernatur velit non. Vel est doloremque enim sint occaecati et enim.', 5, '2020-11-09 00:22:22', '2020-11-09 00:22:22'),
(260, 11, 'Mitchell Schuppe', 'Sed rerum itaque iste et. Quasi velit consequatur commodi. Quis ex voluptatibus quo consequatur omnis eum necessitatibus sunt. Consectetur laboriosam eum reprehenderit est deleniti cupiditate.', 1, '2020-11-09 00:22:22', '2020-11-09 00:22:22'),
(261, 96, 'Bernie Ebert', 'Quibusdam dolores eos aut consequatur quia ullam. Ipsum voluptatem alias nesciunt similique repellendus id ut. Laudantium dolores neque qui qui corporis dolorum in. Qui sed omnis hic magni pariatur recusandae sapiente.', 3, '2020-11-09 00:22:22', '2020-11-09 00:22:22'),
(262, 63, 'Prof. Davin Crooks', 'Necessitatibus nihil consequatur voluptate eius magnam. Voluptatem in dolores esse delectus consequatur tempore. Suscipit sint maxime quo animi quia iste.', 3, '2020-11-09 00:22:22', '2020-11-09 00:22:22'),
(264, 58, 'Everette Morar Jr.', 'Dolor non et earum. Corporis modi dicta laborum officiis rerum mollitia tempore. Omnis rerum saepe est eveniet dolorum.', 3, '2020-11-09 00:22:22', '2020-11-09 00:22:22'),
(265, 7, 'Hardy D\'Amore', 'Odio nihil laborum sunt animi. Doloremque quis neque eligendi. Et veniam quaerat illum adipisci ut odit. Doloremque necessitatibus exercitationem eum repudiandae eligendi fuga repudiandae.', 1, '2020-11-09 00:22:22', '2020-11-09 00:22:22'),
(266, 88, 'Ms. Carmella Rolfson', 'Repellat molestiae quisquam voluptates et quia. Veniam quo nisi corrupti aut placeat. Possimus expedita sint quibusdam molestiae.', 3, '2020-11-09 00:22:22', '2020-11-09 00:22:22'),
(267, 7, 'Ardith Stehr', 'Blanditiis vitae qui sed id voluptas aspernatur tenetur. Qui nulla sed quo asperiores voluptas. Perferendis modi quis sit ut beatae. Ut facere adipisci iusto deleniti et reprehenderit et.', 1, '2020-11-09 00:22:22', '2020-11-09 00:22:22'),
(268, 61, 'Asha Gerhold', 'Quaerat necessitatibus error ab placeat magnam. Qui quas voluptate quia corrupti quia et commodi. Voluptatem soluta temporibus non in enim. Laboriosam aut autem deserunt qui. Et iusto debitis culpa et.', 4, '2020-11-09 00:22:22', '2020-11-09 00:22:22'),
(269, 5, 'Kristofer Kuvalis', 'Molestiae aut iusto voluptas ullam quidem. Odio ab iusto illum debitis pariatur. Ea illo unde aperiam corrupti assumenda.', 5, '2020-11-09 00:22:22', '2020-11-09 00:22:22'),
(270, 95, 'Bernie Dickens', 'Laborum aut ipsam nulla ut eum excepturi. Voluptas consequatur sit enim autem consequatur recusandae. Dolor ipsam impedit doloribus voluptas beatae ducimus qui.', 1, '2020-11-09 00:22:22', '2020-11-09 00:22:22'),
(271, 95, 'Bartholome Heidenreich', 'Quibusdam amet reprehenderit autem sed nihil quia. Et tempore eos qui repellat sequi atque unde. Quas molestiae qui tempore amet tempore. Magnam accusantium adipisci nihil excepturi aut debitis.', 5, '2020-11-09 00:22:22', '2020-11-09 00:22:22'),
(272, 99, 'Graham Dietrich I', 'Enim magni asperiores quia harum consequuntur id eligendi. Beatae error optio earum illum sunt consequatur unde. Hic et qui esse neque vitae illo et. Dignissimos id aut cupiditate atque sapiente dolores.', 0, '2020-11-09 00:22:22', '2020-11-09 00:22:22'),
(273, 83, 'Mrs. Kayli Goldner PhD', 'Aliquam odio qui quia. Quis tempora aliquam voluptas cumque quasi. Delectus reiciendis expedita omnis ea non non. Atque nemo voluptas enim minima est.', 0, '2020-11-09 00:22:22', '2020-11-09 00:22:22'),
(274, 88, 'Mr. Anibal Hoppe', 'Facilis ea suscipit quod est incidunt. Vel provident ipsa et et nobis. Quibusdam iusto omnis rerum tempore necessitatibus. Necessitatibus provident eum incidunt optio rerum et quis.', 3, '2020-11-09 00:22:22', '2020-11-09 00:22:22'),
(275, 58, 'Dr. Maximillia Goyette', 'Tempore magnam delectus et voluptatem. Aliquid quis vero nesciunt dignissimos harum. Quis at sint temporibus. Facilis non fugiat labore blanditiis suscipit enim iste culpa.', 5, '2020-11-09 00:22:22', '2020-11-09 00:22:22'),
(276, 38, 'Prof. Elmore Feest', 'Est excepturi sunt atque necessitatibus sit. Doloremque quas voluptas beatae sit ratione ut. Ab sed soluta nesciunt est ut nisi. Ab reiciendis nihil magni tenetur quia facere.', 3, '2020-11-09 00:22:22', '2020-11-09 00:22:22'),
(277, 81, 'Kristy Pacocha', 'Molestias similique quia voluptatem eos consequuntur. Cumque et ipsa consequatur sunt assumenda voluptatem. Tempore harum ipsam nemo rerum quibusdam. Eos aut autem reiciendis ipsum sequi qui.', 5, '2020-11-09 00:22:22', '2020-11-09 00:22:22'),
(278, 40, 'Mrs. Juliana Kuhic', 'Ex quia officia voluptatem. Ipsam libero commodi voluptatem nobis. Qui doloribus voluptates sint est. Voluptatum asperiores harum in quas nesciunt rerum atque quos.', 1, '2020-11-09 00:22:22', '2020-11-09 00:22:22'),
(279, 52, 'Dr. Cordell Daugherty', 'Amet voluptatem qui rerum voluptatem. Rem laudantium commodi nisi impedit totam. Qui nulla rem magni necessitatibus illum.', 3, '2020-11-09 00:22:22', '2020-11-09 00:22:22'),
(280, 33, 'Prof. Madonna Nienow', 'Assumenda et maxime non delectus. Et quibusdam et qui praesentium. Optio recusandae voluptates optio odit provident. Adipisci quibusdam reprehenderit voluptas aut aspernatur.', 1, '2020-11-09 00:22:22', '2020-11-09 00:22:22'),
(281, 55, 'Oral Grimes DVM', 'Vero aut porro possimus in atque vitae. Dolores illo repudiandae et voluptate non at fugiat. Et eligendi quia et.', 4, '2020-11-09 00:22:22', '2020-11-09 00:22:22'),
(282, 17, 'Cielo Gaylord', 'Consequatur veniam adipisci nemo et at incidunt velit. Temporibus commodi itaque alias molestiae in reiciendis. Vitae itaque ducimus unde nihil. Soluta mollitia exercitationem eligendi.', 4, '2020-11-09 00:22:22', '2020-11-09 00:22:22'),
(283, 98, 'Vivien Wuckert', 'Quod ut corporis eos et. Quia consequuntur quae distinctio reprehenderit. Qui quod id quis et aut ullam. Dolorum voluptas consequatur sed repudiandae voluptas.', 1, '2020-11-09 00:22:22', '2020-11-09 00:22:22'),
(284, 4, 'Dr. Travon Trantow', 'In et architecto qui praesentium rem animi adipisci. Ipsa est nisi et veniam maiores nihil. Voluptates similique aut omnis deleniti tempore.', 0, '2020-11-09 00:22:22', '2020-11-09 00:22:22'),
(285, 66, 'Joe Bashirian', 'Quas error architecto optio officia et eligendi mollitia voluptas. Magni est corporis sed repellendus eum. Quasi id ut error sapiente dicta vel dolorem.', 4, '2020-11-09 00:22:22', '2020-11-09 00:22:22'),
(286, 44, 'Selmer O\'Conner', 'Ea molestiae quae et autem. Quae quo dignissimos autem omnis aut quos deserunt. Modi ut vel aut. Aspernatur molestiae quod non et officia odit.', 5, '2020-11-09 00:22:22', '2020-11-09 00:22:22'),
(287, 40, 'Scarlett Rowe', 'Aliquam fugit distinctio voluptatem repudiandae. Numquam voluptatum debitis dolores hic rem. Repellat aut ut nisi illum.', 5, '2020-11-09 00:22:22', '2020-11-09 00:22:22'),
(288, 68, 'Orlando Rempel', 'Consequatur ut fugiat quis quasi qui in voluptatum. Tempora eveniet voluptatum minus ea. Harum at occaecati saepe et veniam in ipsum.', 0, '2020-11-09 00:22:22', '2020-11-09 00:22:22'),
(289, 31, 'Mckayla Graham', 'Ut vero dolor rerum officiis quia atque nostrum. Eos cumque aperiam incidunt libero. Soluta distinctio vero magni ullam. Culpa est neque at ut.', 2, '2020-11-09 00:22:22', '2020-11-09 00:22:22'),
(290, 33, 'Prof. Leonard Bahringer PhD', 'Similique ipsa quaerat quaerat omnis distinctio culpa ut quae. Dolorem dolor vel rerum dolor. Perspiciatis error aliquid saepe mollitia aut. Laborum voluptas quaerat ex ad minus.', 0, '2020-11-09 00:22:22', '2020-11-09 00:22:22'),
(291, 34, 'Prof. Zachery Braun II', 'Temporibus ut natus quae autem aspernatur. Quo ut autem aut animi. Vitae laborum laborum quia et. Tempora quae ut quas inventore et repellendus ipsa.', 1, '2020-11-09 00:22:22', '2020-11-09 00:22:22'),
(292, 66, 'Dr. Kaden Romaguera', 'Qui ex quos nulla nam eligendi. Accusamus cupiditate ullam incidunt perferendis. Praesentium ad sed in omnis. Rerum qui fuga itaque quia quae.', 1, '2020-11-09 00:22:22', '2020-11-09 00:22:22'),
(293, 58, 'Derrick Price MD', 'Porro dolor nemo sit harum velit voluptas ipsam. Itaque minima libero itaque aut laudantium. Sit autem iste optio eligendi consequatur delectus. Aliquam id alias vel est animi quae est.', 5, '2020-11-09 00:22:22', '2020-11-09 00:22:22'),
(294, 65, 'Dante Lockman I', 'Quasi animi voluptate commodi qui voluptas ipsa vero repellat. Eos harum voluptatum neque minima. Quibusdam sapiente est alias sit modi.', 5, '2020-11-09 00:22:22', '2020-11-09 00:22:22'),
(295, 92, 'Harvey Gusikowski', 'Suscipit enim dolor aut ea voluptatem. Et fuga consectetur est quas quod. Saepe id qui blanditiis voluptate. Nulla tempora soluta et a totam excepturi veritatis. Reiciendis accusamus voluptatibus ut consequatur esse.', 3, '2020-11-09 00:22:22', '2020-11-09 00:22:22'),
(296, 75, 'Savanah Wehner DDS', 'Rerum recusandae ut quo saepe voluptatem sunt quod. Voluptates aut nostrum ut. Distinctio vitae praesentium autem numquam nostrum sed. Rerum omnis quia expedita rerum.', 4, '2020-11-09 00:22:22', '2020-11-09 00:22:22'),
(297, 35, 'Kaya Miller', 'Et dolore nostrum sint. Deleniti quaerat nihil sint similique. Illo at et voluptatum.', 1, '2020-11-09 00:22:22', '2020-11-09 00:22:22'),
(298, 38, 'Yadira Rutherford', 'Sed nesciunt modi suscipit debitis aut. Iste eos soluta error dicta quis consequatur non. Eveniet tempore rem ullam rerum ad. Quis et mollitia autem expedita qui. Vel illum ab laborum.', 1, '2020-11-09 00:22:22', '2020-11-09 00:22:22'),
(299, 38, 'Ms. Yvette Eichmann Sr.', 'A earum autem harum est officiis. Modi est omnis minus consequuntur nesciunt. Voluptas enim doloremque sunt similique eum dolorum facere.', 1, '2020-11-09 00:22:22', '2020-11-09 00:22:22'),
(300, 4, 'Dr. Rhoda Kerluke', 'Et et vel sint est modi quas ad. Ipsa et a labore ipsam eum impedit unde. Ea eum laborum doloremque reiciendis. Et minus consequuntur et occaecati aut et ratione.', 4, '2020-11-09 00:22:22', '2020-11-09 00:22:22');

-- --------------------------------------------------------

--
-- Table structure for table `users`
--

CREATE TABLE `users` (
  `id` bigint(20) UNSIGNED NOT NULL,
  `name` varchar(255) COLLATE utf8mb4_unicode_ci NOT NULL,
  `email` varchar(255) COLLATE utf8mb4_unicode_ci NOT NULL,
  `email_verified_at` timestamp NULL DEFAULT NULL,
  `password` varchar(255) COLLATE utf8mb4_unicode_ci NOT NULL,
  `remember_token` varchar(100) COLLATE utf8mb4_unicode_ci DEFAULT NULL,
  `created_at` timestamp NULL DEFAULT NULL,
  `updated_at` timestamp NULL DEFAULT NULL
) ENGINE=InnoDB DEFAULT CHARSET=utf8mb4 COLLATE=utf8mb4_unicode_ci;

--
-- Dumping data for table `users`
--

INSERT INTO `users` (`id`, `name`, `email`, `email_verified_at`, `password`, `remember_token`, `created_at`, `updated_at`) VALUES
(1, 'Linn Linn Htun', 'linlintun1197@gmail.com', NULL, '$2y$10$XXbvSdSKnBxjhJ3jHg.OuOJB35xIczSaAtqitQ2JuSK0G0XzH61Ma', NULL, '2020-11-09 06:59:13', '2020-11-09 06:59:13'),
(2, 'LINN LINN HTUN', 'linnlinnhtun.official@gmail.com', NULL, '$2y$10$7nu.ElP3H/YFM5JKyv4H8O854NhT6kj5cpWY8x8aCKcL2Fqozy8MK', NULL, '2020-11-09 07:04:11', '2020-11-09 07:04:11');

--
-- Indexes for dumped tables
--

--
-- Indexes for table `failed_jobs`
--
ALTER TABLE `failed_jobs`
  ADD PRIMARY KEY (`id`),
  ADD UNIQUE KEY `failed_jobs_uuid_unique` (`uuid`);

--
-- Indexes for table `migrations`
--
ALTER TABLE `migrations`
  ADD PRIMARY KEY (`id`);

--
-- Indexes for table `oauth_access_tokens`
--
ALTER TABLE `oauth_access_tokens`
  ADD PRIMARY KEY (`id`),
  ADD KEY `oauth_access_tokens_user_id_index` (`user_id`);

--
-- Indexes for table `oauth_auth_codes`
--
ALTER TABLE `oauth_auth_codes`
  ADD PRIMARY KEY (`id`),
  ADD KEY `oauth_auth_codes_user_id_index` (`user_id`);

--
-- Indexes for table `oauth_clients`
--
ALTER TABLE `oauth_clients`
  ADD PRIMARY KEY (`id`),
  ADD KEY `oauth_clients_user_id_index` (`user_id`);

--
-- Indexes for table `oauth_personal_access_clients`
--
ALTER TABLE `oauth_personal_access_clients`
  ADD PRIMARY KEY (`id`);

--
-- Indexes for table `oauth_refresh_tokens`
--
ALTER TABLE `oauth_refresh_tokens`
  ADD PRIMARY KEY (`id`),
  ADD KEY `oauth_refresh_tokens_access_token_id_index` (`access_token_id`);

--
-- Indexes for table `password_resets`
--
ALTER TABLE `password_resets`
  ADD KEY `password_resets_email_index` (`email`);

--
-- Indexes for table `products`
--
ALTER TABLE `products`
  ADD PRIMARY KEY (`id`);

--
-- Indexes for table `reviews`
--
ALTER TABLE `reviews`
  ADD PRIMARY KEY (`id`),
  ADD KEY `reviews_product_id_index` (`product_id`);

--
-- Indexes for table `users`
--
ALTER TABLE `users`
  ADD PRIMARY KEY (`id`),
  ADD UNIQUE KEY `users_email_unique` (`email`);

--
-- AUTO_INCREMENT for dumped tables
--

--
-- AUTO_INCREMENT for table `failed_jobs`
--
ALTER TABLE `failed_jobs`
  MODIFY `id` bigint(20) UNSIGNED NOT NULL AUTO_INCREMENT;

--
-- AUTO_INCREMENT for table `migrations`
--
ALTER TABLE `migrations`
  MODIFY `id` int(10) UNSIGNED NOT NULL AUTO_INCREMENT, AUTO_INCREMENT=11;

--
-- AUTO_INCREMENT for table `oauth_clients`
--
ALTER TABLE `oauth_clients`
  MODIFY `id` bigint(20) UNSIGNED NOT NULL AUTO_INCREMENT, AUTO_INCREMENT=3;

--
-- AUTO_INCREMENT for table `oauth_personal_access_clients`
--
ALTER TABLE `oauth_personal_access_clients`
  MODIFY `id` bigint(20) UNSIGNED NOT NULL AUTO_INCREMENT, AUTO_INCREMENT=2;

--
-- AUTO_INCREMENT for table `products`
--
ALTER TABLE `products`
  MODIFY `id` int(10) UNSIGNED NOT NULL AUTO_INCREMENT, AUTO_INCREMENT=102;

--
-- AUTO_INCREMENT for table `reviews`
--
ALTER TABLE `reviews`
  MODIFY `id` int(10) UNSIGNED NOT NULL AUTO_INCREMENT, AUTO_INCREMENT=301;

--
-- AUTO_INCREMENT for table `users`
--
ALTER TABLE `users`
  MODIFY `id` bigint(20) UNSIGNED NOT NULL AUTO_INCREMENT, AUTO_INCREMENT=3;

--
-- Constraints for dumped tables
--

--
-- Constraints for table `reviews`
--
ALTER TABLE `reviews`
  ADD CONSTRAINT `reviews_product_id_foreign` FOREIGN KEY (`product_id`) REFERENCES `products` (`id`) ON DELETE CASCADE;
COMMIT;

/*!40101 SET CHARACTER_SET_CLIENT=@OLD_CHARACTER_SET_CLIENT */;
/*!40101 SET CHARACTER_SET_RESULTS=@OLD_CHARACTER_SET_RESULTS */;
/*!40101 SET COLLATION_CONNECTION=@OLD_COLLATION_CONNECTION */;
